,Left Longitude Bound,Right Longitude Bound,Top Latitude Bound,Bottom Latitude Bound,Summed AADT,Number of Chargers,Proper AADT,Education,Entertainment,Financial,Food Store,Healthcare,Leisure,Outdoor Shops,Public Buildings,Shops,Sustenance,Tourism,Transportation,Places of Worship,Longitude Center,Latitude Center,Zipcode,EV Density
1,-73.8247,-73.8216413,42.6884,42.6861517,0,0,0,0,1,0,0,0,0,0,0,0,1,1,0,0,-73.82317065,42.68727585,12203,151
2,-73.8216413,-73.8185826,42.6884,42.6861517,0,0,0,0,0,0,0,0,0,0,1,0,1,0,0,0,-73.82011195,42.68727585,12203,151
3,-73.8185826,-73.8155239,42.6884,42.6861517,0,0,27396,0,0,0,0,0,1,0,0,0,0,0,0,0,-73.81705325,42.68727585,12203,151
4,-73.8155239,-73.8124652,42.6884,42.6861517,0,0,98597,0,0,0,0,0,0,0,0,0,0,3,1,0,-73.81399455,42.68727585,12203,151
5,-73.8124652,-73.8094065,42.6884,42.6861517,0,0,0,0,0,0,0,0,0,0,0,0,0,0,0,0,-73.81093585,42.68727585,12203,151
6,-73.8094065,-73.8063478,42.6884,42.6861517,58936.66667,0,0,0,0,0,0,0,0,0,0,0,0,0,0,0,-73.80787715,42.68727585,12203,151
7,-73.8063478,-73.8032891,42.6884,42.6861517,0,0,0,0,0,0,0,0,0,0,0,0,0,0,0,0,-73.80481845,42.68727585,12203,151
8,-73.8032891,-73.8002304,42.6884,42.6861517,0,0,0,0,0,0,0,0,0,0,0,0,0,0,0,0,-73.80175975,42.68727585,12203,151
9,-73.8002304,-73.7971717,42.6884,42.6861517,0,0,0,0,0,0,0,0,0,0,0,0,0,0,0,0,-73.79870105,42.68727585,12206,28
10,-73.7971717,-73.794113,42.6884,42.6861517,0,0,82626,0,0,0,0,0,0,0,0,0,0,0,0,0,-73.79564235,42.68727585,12206,28
11,-73.794113,-73.7910543,42.6884,42.6861517,0,0,76210,0,0,0,0,0,2,0,0,0,0,0,0,0,-73.79258365,42.68727585,12206,28
12,-73.7910543,-73.7879956,42.6884,42.6861517,0,0,0,0,0,0,0,0,0,0,0,0,0,0,0,0,-73.78952495,42.68727585,12206,28
13,-73.7879956,-73.7849369,42.6884,42.6861517,0,0,0,0,0,0,0,0,0,0,0,0,0,0,0,0,-73.78646625,42.68727585,12206,28
14,-73.7849369,-73.7818782,42.6884,42.6861517,0,0,0,0,0,0,0,0,1,0,0,0,0,0,0,1,-73.78340755,42.68727585,12206,28
15,-73.7818782,-73.7788195,42.6884,42.6861517,0,0,47483,0,0,0,0,0,0,0,0,0,0,0,0,0,-73.78034885,42.68727585,12206,28
16,-73.7788195,-73.7757608,42.6884,42.6861517,0,0,0,0,0,0,0,0,0,0,0,0,0,0,0,0,-73.77729015,42.68727585,12206,28
17,-73.7757608,-73.7727021,42.6884,42.6861517,0,0,0,0,0,0,0,0,0,0,0,0,0,0,0,0,-73.77423145,42.68727585,12206,28
18,-73.7727021,-73.7696434,42.6884,42.6861517,0,0,6136,0,0,0,0,0,0,0,0,0,0,0,0,0,-73.77117275,42.68727585,12206,28
19,-73.7696434,-73.7665847,42.6884,42.6861517,0,0,6136,0,0,0,0,0,0,0,0,0,0,0,0,0,-73.76811405,42.68727585,12206,28
20,-73.7665847,-73.763526,42.6884,42.6861517,0,0,0,0,0,0,0,0,0,0,0,0,0,0,0,0,-73.76505535,42.68727585,12206,28
21,-73.763526,-73.76046729,42.6884,42.6861517,0,0,3232,0,0,0,0,0,1,0,0,0,0,0,0,0,-73.76199664,42.68727585,12206,28
22,-73.76046729,-73.75740859,42.6884,42.6861517,0,0,0,0,0,0,0,0,2,0,0,0,0,0,0,0,-73.75893794,42.68727585,12206,28
23,-73.75740859,-73.75434989,42.6884,42.6861517,0,0,0,0,0,0,0,0,1,0,0,0,0,0,0,0,-73.75587924,42.68727585,12206,28
24,-73.75434989,-73.75129119,42.6884,42.6861517,0,0,21515,0,0,0,0,0,0,0,0,0,0,0,0,0,-73.75282054,42.68727585,12206,28
25,-73.75129119,-73.74823249,42.6884,42.6861517,0,0,0,0,0,0,0,0,3,0,0,0,0,0,0,0,-73.74976184,42.68727585,12206,28
26,-73.74823249,-73.74517379,42.6884,42.6861517,0,0,0,0,0,0,0,0,5,0,0,0,0,0,0,0,-73.74670314,42.68727585,12206,28
27,-73.8247,-73.82164141,42.6861517,42.6839034,0,0,0,2,6,0,0,0,0,0,0,0,5,0,0,0,-73.82317071,42.68502755,12203,151
28,-73.82164141,-73.81858282,42.6861517,42.6839034,0,0,0,0,0,0,0,0,0,0,0,0,0,0,0,0,-73.82011212,42.68502755,12203,151
29,-73.81858282,-73.81552423,42.6861517,42.6839034,0,0,0,0,0,0,0,0,1,0,0,0,0,0,0,0,-73.81705353,42.68502755,12203,151
30,-73.81552423,-73.81246564,42.6861517,42.6839034,1188,0,65918,0,0,0,0,0,0,0,0,0,0,0,0,0,-73.81399494,42.68502755,12203,151
31,-73.81246564,-73.80940705,42.6861517,42.6839034,0,0,0,0,0,0,0,0,0,0,0,0,0,0,0,0,-73.81093635,42.68502755,12203,151
32,-73.80940705,-73.80634846,42.6861517,42.6839034,0,0,98288,0,0,1,0,0,1,0,0,0,0,0,0,0,-73.80787776,42.68502755,12203,151
33,-73.80634846,-73.80328987,42.6861517,42.6839034,0,1,17791,0,0,0,0,0,0,0,0,0,0,0,0,0,-73.80481917,42.68502755,12203,151
34,-73.80328987,-73.80023128,42.6861517,42.6839034,0,0,0,0,0,0,0,0,0,0,0,0,0,0,0,0,-73.80176058,42.68502755,12203,151
35,-73.80023128,-73.79717269,42.6861517,42.6839034,0,0,128,0,0,0,0,0,0,0,0,0,0,0,0,1,-73.79870199,42.68502755,12206,28
36,-73.79717269,-73.7941141,42.6861517,42.6839034,0,0,6544,0,0,1,0,0,0,0,0,1,4,0,0,0,-73.7956434,42.68502755,12206,28
37,-73.7941141,-73.79105551,42.6861517,42.6839034,0,0,76210,0,0,0,0,0,0,1,0,0,0,0,0,0,-73.79258481,42.68502755,12206,28
38,-73.79105551,-73.78799693,42.6861517,42.6839034,0,0,85303,0,0,0,0,0,0,0,0,0,0,0,0,0,-73.78952622,42.68502755,12206,28
39,-73.78799693,-73.78493834,42.6861517,42.6839034,0,0,0,0,0,0,0,0,0,0,0,0,0,0,0,0,-73.78646763,42.68502755,12206,28
40,-73.78493834,-73.78187975,42.6861517,42.6839034,0,0,19240,0,0,0,0,0,0,0,1,0,0,0,1,0,-73.78340904,42.68502755,12206,28
41,-73.78187975,-73.77882116,42.6861517,42.6839034,0,0,0,0,0,0,0,0,0,0,0,0,0,0,0,1,-73.78035045,42.68502755,12206,28
42,-73.77882116,-73.77576257,42.6861517,42.6839034,0,0,0,0,0,0,0,0,0,0,0,0,0,0,0,0,-73.77729186,42.68502755,12206,28
43,-73.77576257,-73.77270398,42.6861517,42.6839034,0,0,0,0,0,0,0,0,0,0,0,0,0,0,0,0,-73.77423327,42.68502755,12206,28
44,-73.77270398,-73.76964539,42.6861517,42.6839034,0,0,98581,0,0,0,0,0,0,0,0,0,0,0,0,0,-73.77117468,42.68502755,12206,28
45,-73.76964539,-73.7665868,42.6861517,42.6839034,0,1,6136,0,0,0,0,0,0,0,0,0,0,0,0,0,-73.76811609,42.68502755,12206,28
46,-73.7665868,-73.76352821,42.6861517,42.6839034,0,4,6136,0,0,0,0,0,0,0,0,0,0,0,0,0,-73.7650575,42.68502755,12206,28
47,-73.76352821,-73.76046962,42.6861517,42.6839034,0,0,0,0,0,0,0,0,2,0,0,0,0,0,0,0,-73.76199891,42.68502755,12206,28
48,-73.76046962,-73.75741103,42.6861517,42.6839034,0,0,3232,0,0,0,0,0,2,0,0,0,0,0,0,0,-73.75894032,42.68502755,12206,28
49,-73.75741103,-73.75435244,42.6861517,42.6839034,0,0,0,0,0,0,0,0,2,0,0,0,0,0,0,0,-73.75588174,42.68502755,12206,28
50,-73.75435244,-73.75129385,42.6861517,42.6839034,0,0,21515,0,0,0,0,0,4,0,0,0,0,0,0,0,-73.75282315,42.68502755,12206,28
51,-73.75129385,-73.74823526,42.6861517,42.6839034,0,0,0,0,0,0,0,0,1,0,0,0,0,0,0,0,-73.74976456,42.68502755,12206,28
52,-73.74823526,-73.74517667,42.6861517,42.6839034,0,0,0,0,0,0,0,0,2,0,0,0,0,0,0,0,-73.74670597,42.68502755,12206,28
53,-73.8247,-73.82164152,42.6839034,42.6816551,0,1,0,0,0,0,0,0,0,0,0,0,2,0,0,0,-73.82317076,42.68277925,12203,151
54,-73.82164152,-73.81858304,42.6839034,42.6816551,0,0,0,0,0,0,0,0,0,0,0,0,0,0,0,0,-73.82011228,42.68277925,12203,151
55,-73.81858304,-73.81552456,42.6839034,42.6816551,0,0,27398,0,0,0,0,0,0,0,0,0,0,0,0,0,-73.8170538,42.68277925,12203,151
56,-73.81552456,-73.81246608,42.6839034,42.6816551,0,0,27719,0,0,0,0,0,0,0,0,0,0,0,0,0,-73.81399532,42.68277925,12203,151
57,-73.81246608,-73.80940761,42.6839034,42.6816551,0,0,33077,0,1,0,0,0,1,0,0,0,0,0,0,0,-73.81093685,42.68277925,12203,151
58,-73.80940761,-73.80634913,42.6839034,42.6816551,0,0,120521,0,0,1,0,0,0,0,0,0,0,0,0,0,-73.80787837,42.68277925,12203,151
59,-73.80634913,-73.80329065,42.6839034,42.6816551,0,0,0,0,0,0,0,0,1,0,0,0,0,0,2,0,-73.80481989,42.68277925,12203,151
60,-73.80329065,-73.80023217,42.6839034,42.6816551,0,0,79528,0,0,0,0,0,0,0,0,0,0,0,0,0,-73.80176141,42.68277925,12203,151
61,-73.80023217,-73.79717369,42.6839034,42.6816551,0,0,128,1,0,0,0,0,5,0,0,0,0,0,0,0,-73.79870293,42.68277925,12206,28
62,-73.79717369,-73.79411521,42.6839034,42.6816551,0,0,0,0,0,0,0,0,4,0,0,0,1,0,0,0,-73.79564445,42.68277925,12206,28
63,-73.79411521,-73.79105673,42.6839034,42.6816551,0,0,6416,0,0,1,0,0,0,1,0,0,0,0,0,0,-73.79258597,42.68277925,12206,28
64,-73.79105673,-73.78799825,42.6839034,42.6816551,0,0,80171,0,0,0,1,0,0,0,0,0,0,0,0,0,-73.78952749,42.68277925,12206,28
65,-73.78799825,-73.78493977,42.6839034,42.6816551,0,0,323311,0,0,0,0,0,0,0,0,0,0,0,0,0,-73.78646901,42.68277925,12206,28
66,-73.78493977,-73.7818813,42.6839034,42.6816551,0,0,230679,0,0,0,0,0,0,0,0,0,0,0,0,0,-73.78341054,42.68277925,12206,28
67,-73.7818813,-73.77882282,42.6839034,42.6816551,0,0,216694,0,0,0,0,0,0,0,0,0,0,0,0,0,-73.78035206,42.68277925,12206,28
68,-73.77882282,-73.77576434,42.6839034,42.6816551,0,0,0,0,0,0,0,0,0,0,0,0,0,0,0,0,-73.77729358,42.68277925,12206,28
69,-73.77576434,-73.77270586,42.6839034,42.6816551,0,0,81033,0,0,0,0,0,0,0,0,0,0,0,0,0,-73.7742351,42.68277925,12206,28
70,-73.77270586,-73.76964738,42.6839034,42.6816551,0,0,73902,0,0,0,0,0,0,0,0,0,0,0,0,0,-73.77117662,42.68277925,12206,28
71,-73.76964738,-73.7665889,42.6839034,42.6816551,0,4,0,0,0,0,0,0,0,0,0,0,0,0,0,0,-73.76811814,42.68277925,12206,28
72,-73.7665889,-73.76353042,42.6839034,42.6816551,0,1,6136,0,0,0,0,0,0,0,0,0,0,0,0,0,-73.76505966,42.68277925,12206,28
73,-73.76353042,-73.76047194,42.6839034,42.6816551,0,0,0,0,0,0,0,0,1,0,0,0,0,0,0,0,-73.76200118,42.68277925,12206,28
74,-73.76047194,-73.75741347,42.6839034,42.6816551,5923.333333,0,21990,0,0,0,0,0,0,0,0,0,0,0,0,0,-73.7589427,42.68277925,12206,28
75,-73.75741347,-73.75435499,42.6839034,42.6816551,0,0,0,0,0,0,0,0,0,0,0,0,0,0,0,0,-73.75588423,42.68277925,12206,28
76,-73.75435499,-73.75129651,42.6839034,42.6816551,0,0,21515,0,0,0,0,0,3,0,0,0,0,0,0,0,-73.75282575,42.68277925,12206,28
77,-73.75129651,-73.74823803,42.6839034,42.6816551,0,0,21515,0,0,0,0,0,1,0,0,0,0,0,0,0,-73.74976727,42.68277925,12206,28
78,-73.74823803,-73.74517955,42.6839034,42.6816551,0,0,0,0,0,0,0,0,3,0,0,0,0,0,0,0,-73.74670879,42.68277925,12206,28
79,-73.8247,-73.82164163,42.6816551,42.6794068,0,0,0,0,0,0,0,0,0,0,0,0,0,0,0,0,-73.82317082,42.68053095,12203,151
80,-73.82164163,-73.81858326,42.6816551,42.6794068,0,0,0,0,0,0,0,0,1,0,1,0,0,0,0,0,-73.82011245,42.68053095,12203,151
81,-73.81858326,-73.8155249,42.6816551,42.6794068,0,0,27398,0,0,0,0,0,0,0,0,0,0,0,0,0,-73.81705408,42.68053095,12203,151
82,-73.8155249,-73.81246653,42.6816551,42.6794068,0,0,0,0,0,0,0,0,0,0,0,0,0,0,0,0,-73.81399571,42.68053095,12203,151
83,-73.81246653,-73.80940816,42.6816551,42.6794068,0,0,0,0,4,0,0,0,2,0,0,0,0,0,0,0,-73.81093734,42.68053095,12203,151
84,-73.80940816,-73.80634979,42.6816551,42.6794068,0,0,67709,0,0,0,0,0,0,0,0,0,0,0,0,0,-73.80787898,42.68053095,12203,151
85,-73.80634979,-73.80329142,42.6816551,42.6794068,0,0,57879,0,0,0,0,0,0,0,0,0,0,0,0,0,-73.80482061,42.68053095,12203,151
86,-73.80329142,-73.80023305,42.6816551,42.6794068,0,0,142105,0,0,0,0,0,0,0,0,0,0,0,0,0,-73.80176224,42.68053095,12203,151
87,-73.80023305,-73.79717469,42.6816551,42.6794068,0,0,11819,0,0,0,0,0,2,0,0,0,0,0,0,0,-73.79870387,42.68053095,12206,28
88,-73.79717469,-73.79411632,42.6816551,42.6794068,0,0,14964,0,0,0,0,0,1,0,0,0,0,0,0,0,-73.7956455,42.68053095,12206,28
89,-73.79411632,-73.79105795,42.6816551,42.6794068,0,0,48880,0,0,0,4,0,0,1,0,0,0,0,1,0,-73.79258713,42.68053095,12206,28
90,-73.79105795,-73.78799958,42.6816551,42.6794068,0,1,27500,1,0,0,0,1,0,1,2,0,2,0,2,0,-73.78952877,42.68053095,12206,28
91,-73.78799958,-73.78494121,42.6816551,42.6794068,0,0,224179,0,0,0,0,0,0,0,0,0,0,0,0,0,-73.7864704,42.68053095,12206,28
92,-73.78494121,-73.78188285,42.6816551,42.6794068,0,0,29594,0,0,0,0,0,1,0,1,0,0,1,0,0,-73.78341203,42.68053095,12206,28
93,-73.78188285,-73.77882448,42.6816551,42.6794068,0,0,0,0,0,0,0,0,0,0,0,0,0,0,0,0,-73.78035366,42.68053095,12206,28
94,-73.77882448,-73.77576611,42.6816551,42.6794068,70138,0,29664,0,0,0,0,0,0,0,0,0,0,0,0,0,-73.77729529,42.68053095,12206,28
95,-73.77576611,-73.77270774,42.6816551,42.6794068,0,0,150004,0,0,0,0,0,0,0,0,0,0,0,0,0,-73.77423693,42.68053095,12206,28
96,-73.77270774,-73.76964937,42.6816551,42.6794068,0,0,110776,0,0,0,0,0,0,0,0,0,0,0,0,0,-73.77117856,42.68053095,12206,28
97,-73.76964937,-73.766591,42.6816551,42.6794068,0,5,50719,0,0,0,0,0,0,0,0,0,0,0,0,0,-73.76812019,42.68053095,12206,28
98,-73.766591,-73.76353264,42.6816551,42.6794068,0,0,10536,0,0,1,0,0,0,0,0,0,0,0,0,0,-73.76506182,42.68053095,12206,28
99,-73.76353264,-73.76047427,42.6816551,42.6794068,2828.666667,0,4400,0,0,0,0,0,0,0,0,0,0,0,0,0,-73.76200345,42.68053095,12206,28
100,-73.76047427,-73.7574159,42.6816551,42.6794068,0,0,18758,0,0,0,0,0,0,0,0,0,0,0,0,0,-73.75894508,42.68053095,12206,28
101,-73.7574159,-73.75435753,42.6816551,42.6794068,0,0,0,0,0,0,0,0,0,0,2,0,0,0,0,0,-73.75588672,42.68053095,12206,28
102,-73.75435753,-73.75129916,42.6816551,42.6794068,0,0,0,0,0,0,0,0,2,0,0,0,0,0,0,0,-73.75282835,42.68053095,12206,28
103,-73.75129916,-73.7482408,42.6816551,42.6794068,0,0,21515,0,0,0,0,0,0,0,0,0,0,0,0,0,-73.74976998,42.68053095,12206,28
104,-73.7482408,-73.74518243,42.6816551,42.6794068,0,0,0,0,0,0,0,0,4,0,0,0,0,0,0,0,-73.74671161,42.68053095,12206,28
105,-73.8247,-73.82164174,42.6794068,42.67715849,0,0,0,0,0,0,0,0,2,0,0,0,3,0,0,0,-73.82317087,42.67828264,12203,151
106,-73.82164174,-73.81858348,42.6794068,42.67715849,0,0,0,0,0,0,0,0,0,0,0,0,0,0,0,0,-73.82011261,42.67828264,12203,151
107,-73.81858348,-73.81552523,42.6794068,42.67715849,0,0,27398,0,0,0,0,0,0,0,0,0,0,0,0,0,-73.81705436,42.67828264,12203,151
108,-73.81552523,-73.81246697,42.6794068,42.67715849,0,0,27398,0,0,0,0,0,0,0,0,0,0,0,0,0,-73.8139961,42.67828264,12203,151
109,-73.81246697,-73.80940871,42.6794068,42.67715849,0,0,0,0,0,0,0,0,1,0,0,0,0,0,0,0,-73.81093784,42.67828264,12203,151
110,-73.80940871,-73.80635045,42.6794068,42.67715849,0,0,0,0,2,0,0,0,2,0,0,0,0,0,0,0,-73.80787958,42.67828264,12203,151
111,-73.80635045,-73.8032922,42.6794068,42.67715849,0,0,5681,0,0,0,0,0,0,0,0,0,0,0,0,0,-73.80482133,42.67828264,12203,151
112,-73.8032922,-73.80023394,42.6794068,42.67715849,1393,0,151131,0,0,0,0,0,0,0,0,0,0,0,0,0,-73.80176307,42.67828264,12206,28
113,-73.80023394,-73.79717568,42.6794068,42.67715849,0,0,25718,0,0,0,0,0,0,0,0,0,0,0,0,0,-73.79870481,42.67828264,12206,28
114,-73.79717568,-73.79411742,42.6794068,42.67715849,0,0,51698,0,0,0,0,1,0,0,1,0,1,0,0,0,-73.79564655,42.67828264,12206,28
115,-73.79411742,-73.79105917,42.6794068,42.67715849,0,0,0,0,0,0,0,0,0,0,0,0,0,0,0,0,-73.7925883,42.67828264,12206,28
116,-73.79105917,-73.78800091,42.6794068,42.67715849,0,1,0,0,0,1,1,0,0,0,1,4,1,0,1,0,-73.78953004,42.67828264,12206,28
117,-73.78800091,-73.78494265,42.6794068,42.67715849,0,0,103411,0,0,0,0,0,0,1,0,0,0,0,0,0,-73.78647178,42.67828264,12206,28
118,-73.78494265,-73.78188439,42.6794068,42.67715849,0,1,7876,0,0,0,0,0,0,0,0,0,0,1,0,0,-73.78341352,42.67828264,12206,28
119,-73.78188439,-73.77882614,42.6794068,42.67715849,0,2,80242,1,0,0,1,0,0,0,3,0,0,0,0,0,-73.78035527,42.67828264,12206,28
120,-73.77882614,-73.77576788,42.6794068,42.67715849,3026.666667,0,0,0,0,0,0,0,0,0,0,0,0,0,0,0,-73.77729701,42.67828264,12206,28
121,-73.77576788,-73.77270962,42.6794068,42.67715849,0,0,0,0,0,0,0,0,0,0,0,0,0,0,0,0,-73.77423875,42.67828264,12206,28
122,-73.77270962,-73.76965136,42.6794068,42.67715849,0,0,60057,0,0,0,0,0,0,0,0,0,0,0,0,0,-73.77118049,42.67828264,12206,28
123,-73.76965136,-73.76659311,42.6794068,42.67715849,0,0,54422,0,0,0,0,0,0,0,0,0,0,0,0,0,-73.76812224,42.67828264,12206,28
124,-73.76659311,-73.76353485,42.6794068,42.67715849,0,0,54422,0,0,0,0,0,0,0,0,0,0,0,0,0,-73.76506398,42.67828264,12206,28
125,-73.76353485,-73.76047659,42.6794068,42.67715849,0,0,0,0,0,0,0,0,0,0,0,0,0,0,0,0,-73.76200572,42.67828264,12206,28
126,-73.76047659,-73.75741833,42.6794068,42.67715849,0,0,0,0,0,0,0,0,0,0,0,0,0,0,0,0,-73.75894746,42.67828264,12206,28
127,-73.75741833,-73.75436008,42.6794068,42.67715849,0,0,14358,0,0,0,0,0,0,0,0,0,0,0,0,0,-73.75588921,42.67828264,12206,28
128,-73.75436008,-73.75130182,42.6794068,42.67715849,0,0,0,0,0,0,0,0,0,0,0,0,0,0,0,0,-73.75283095,42.67828264,12206,28
129,-73.75130182,-73.74824356,42.6794068,42.67715849,0,0,47767,0,0,0,0,0,0,0,0,0,0,0,0,0,-73.74977269,42.67828264,12206,28
130,-73.74824356,-73.7451853,42.6794068,42.67715849,0,0,0,0,0,0,0,0,4,0,0,0,1,0,0,0,-73.74671443,42.67828264,12210,27
131,-73.8247,-73.82164185,42.67715849,42.67491019,0,0,57507,0,0,0,0,2,0,0,0,0,1,0,0,1,-73.82317093,42.67603434,12203,151
132,-73.82164185,-73.81858371,42.67715849,42.67491019,0,0,47062,0,0,0,0,0,0,0,1,1,0,0,0,0,-73.82011278,42.67603434,12203,151
133,-73.81858371,-73.81552556,42.67715849,42.67491019,0,0,0,0,0,0,0,0,0,0,0,0,0,0,0,0,-73.81705463,42.67603434,12203,151
134,-73.81552556,-73.81246741,42.67715849,42.67491019,0,0,21717,0,0,0,0,0,0,0,0,0,0,0,0,0,-73.81399649,42.67603434,12203,151
135,-73.81246741,-73.80940927,42.67715849,42.67491019,0,0,83803,0,0,0,0,0,0,0,0,0,0,0,0,0,-73.81093834,42.67603434,12203,151
136,-73.80940927,-73.80635112,42.67715849,42.67491019,0,0,5681,0,0,0,0,0,0,0,0,0,0,0,0,0,-73.80788019,42.67603434,12203,151
137,-73.80635112,-73.80329297,42.67715849,42.67491019,0,0,29994,0,0,0,0,0,0,0,0,0,0,0,0,0,-73.80482205,42.67603434,12203,151
138,-73.80329297,-73.80023483,42.67715849,42.67491019,6378,0,81151,0,0,0,0,0,5,0,2,0,0,0,0,0,-73.8017639,42.67603434,12206,28
139,-73.80023483,-73.79717668,42.67715849,42.67491019,0,0,40616,0,0,0,0,0,0,0,1,0,0,0,0,0,-73.79870575,42.67603434,12206,28
140,-73.79717668,-73.79411853,42.67715849,42.67491019,0,0,29969,0,0,0,0,0,0,0,0,0,0,0,0,0,-73.7956476,42.67603434,12206,28
141,-73.79411853,-73.79106038,42.67715849,42.67491019,0,0,26197,0,0,0,0,0,0,0,1,0,0,0,0,0,-73.79258946,42.67603434,12206,28
142,-73.79106038,-73.78800224,42.67715849,42.67491019,1872.666667,0,24915,0,0,0,0,0,0,0,0,0,0,0,0,0,-73.78953131,42.67603434,12206,28
143,-73.78800224,-73.78494409,42.67715849,42.67491019,0,1,59489,0,0,0,1,0,0,2,0,0,1,0,0,0,-73.78647316,42.67603434,12206,28
144,-73.78494409,-73.78188594,42.67715849,42.67491019,0,0,67365,1,0,0,1,0,1,0,0,0,0,0,0,0,-73.78341502,42.67603434,12206,28
145,-73.78188594,-73.7788278,42.67715849,42.67491019,0,0,0,0,0,0,0,0,0,0,0,0,0,0,0,0,-73.78035687,42.67603434,12206,28
146,-73.7788278,-73.77576965,42.67715849,42.67491019,0,0,85137,0,0,0,0,0,0,0,0,0,0,0,0,0,-73.77729872,42.67603434,12206,28
147,-73.77576965,-73.7727115,42.67715849,42.67491019,0,0,85137,0,1,0,0,0,0,0,0,0,0,0,0,0,-73.77424058,42.67603434,12206,28
148,-73.7727115,-73.76965336,42.67715849,42.67491019,0,0,0,0,0,0,0,0,0,0,0,0,0,0,0,0,-73.77118243,42.67603434,12206,28
149,-73.76965336,-73.76659521,42.67715849,42.67491019,0,0,0,0,0,0,0,0,0,0,0,0,0,0,0,0,-73.76812428,42.67603434,12206,28
150,-73.76659521,-73.76353706,42.67715849,42.67491019,0,0,32862,0,0,0,0,0,0,0,0,0,0,0,0,0,-73.76506614,42.67603434,12206,28
151,-73.76353706,-73.76047892,42.67715849,42.67491019,69644,0,43010,0,0,0,0,0,0,0,0,0,0,0,0,0,-73.76200799,42.67603434,12206,28
152,-73.76047892,-73.75742077,42.67715849,42.67491019,0,0,6445,0,0,0,0,0,0,0,0,0,0,0,0,0,-73.75894984,42.67603434,12206,28
153,-73.75742077,-73.75436262,42.67715849,42.67491019,0,0,14454,0,0,0,0,0,0,0,0,0,0,0,0,0,-73.7558917,42.67603434,12206,28
154,-73.75436262,-73.75130448,42.67715849,42.67491019,0,0,14358,0,0,0,0,0,0,0,0,0,0,0,0,0,-73.75283355,42.67603434,12206,28
155,-73.75130448,-73.74824633,42.67715849,42.67491019,0,0,11421,0,0,1,0,0,0,0,0,0,4,0,0,0,-73.7497754,42.67603434,12210,27
156,-73.74824633,-73.74518818,42.67715849,42.67491019,0,0,99603,0,0,0,0,0,0,0,0,0,0,0,0,0,-73.74671726,42.67603434,12210,27
157,-73.8247,-73.82164196,42.67491019,42.67266189,0,0,9408,0,0,0,0,0,0,0,0,0,0,0,0,0,-73.82317098,42.67378604,12203,151
158,-73.82164196,-73.81858393,42.67491019,42.67266189,0,0,0,0,0,0,0,0,0,0,0,0,0,0,0,0,-73.82011295,42.67378604,12203,151
159,-73.81858393,-73.81552589,42.67491019,42.67266189,0,0,77083,2,0,0,1,0,1,0,1,0,0,0,0,0,-73.81705491,42.67378604,12203,151
160,-73.81552589,-73.81246786,42.67491019,42.67266189,0,0,103467,0,0,0,0,0,0,0,0,0,0,0,1,0,-73.81399687,42.67378604,12203,151
161,-73.81246786,-73.80940982,42.67491019,42.67266189,0,0,103467,0,0,0,0,0,0,0,0,0,0,0,0,0,-73.81093884,42.67378604,12203,151
162,-73.80940982,-73.80635178,42.67491019,42.67266189,0,0,93202,0,0,0,0,0,0,0,0,0,0,0,0,0,-73.8078808,42.67378604,12203,151
163,-73.80635178,-73.80329375,42.67491019,42.67266189,0,0,125014,0,0,0,0,0,0,0,0,0,0,0,0,0,-73.80482276,42.67378604,12203,151
164,-73.80329375,-73.80023571,42.67491019,42.67266189,578.6666667,0,18660,0,0,0,0,0,0,0,0,0,0,0,0,0,-73.80176473,42.67378604,12206,28
165,-73.80023571,-73.79717767,42.67491019,42.67266189,0,0,18660,0,0,0,0,0,0,0,0,0,0,0,0,0,-73.79870669,42.67378604,12206,28
166,-73.79717767,-73.79411964,42.67491019,42.67266189,0,0,29969,0,0,0,0,0,0,0,0,0,0,0,0,0,-73.79564866,42.67378604,12206,28
167,-73.79411964,-73.7910616,42.67491019,42.67266189,0,0,8274,0,0,0,0,0,0,0,1,0,0,0,0,0,-73.79259062,42.67378604,12206,28
168,-73.7910616,-73.78800357,42.67491019,42.67266189,0,0,91403,0,0,0,0,0,0,0,0,0,0,0,0,0,-73.78953258,42.67378604,12206,28
169,-73.78800357,-73.78494553,42.67491019,42.67266189,0,0,62670,0,0,0,0,0,0,0,1,0,1,0,0,1,-73.78647455,42.67378604,12206,28
170,-73.78494553,-73.78188749,42.67491019,42.67266189,0,0,118044,0,0,0,0,0,0,0,1,0,1,0,2,0,-73.78341651,42.67378604,12206,28
171,-73.78188749,-73.77882946,42.67491019,42.67266189,0,0,0,1,0,0,0,0,6,0,0,0,0,0,0,1,-73.78035847,42.67378604,12206,28
172,-73.77882946,-73.77577142,42.67491019,42.67266189,0,0,66045,0,0,0,0,0,0,0,1,0,0,0,0,0,-73.77730044,42.67378604,12206,28
173,-73.77577142,-73.77271338,42.67491019,42.67266189,0,0,0,0,0,0,0,0,0,0,0,0,0,0,0,0,-73.7742424,42.67378604,12206,28
174,-73.77271338,-73.76965535,42.67491019,42.67266189,0,0,0,0,0,0,0,0,0,0,0,0,0,0,0,0,-73.77118437,42.67378604,12206,28
175,-73.76965535,-73.76659731,42.67491019,42.67266189,0,0,0,0,0,0,0,0,0,0,0,0,0,0,0,0,-73.76812633,42.67378604,12206,28
176,-73.76659731,-73.76353928,42.67491019,42.67266189,0,0,0,0,0,0,0,0,0,0,0,0,0,0,0,0,-73.76506829,42.67378604,12206,28
177,-73.76353928,-73.76048124,42.67491019,42.67266189,0,0,0,0,0,0,0,0,0,0,0,0,0,0,0,0,-73.76201026,42.67378604,12206,28
178,-73.76048124,-73.7574232,42.67491019,42.67266189,0,0,39403,0,0,0,0,0,0,0,0,0,0,0,0,0,-73.75895222,42.67378604,12206,28
179,-73.7574232,-73.75436517,42.67491019,42.67266189,0,0,0,0,0,0,0,0,0,0,0,0,0,0,0,0,-73.75589419,42.67378604,12206,28
180,-73.75436517,-73.75130713,42.67491019,42.67266189,0,0,19432,0,0,0,0,1,0,0,0,0,0,0,0,0,-73.75283615,42.67378604,12210,27
181,-73.75130713,-73.74824909,42.67491019,42.67266189,0,0,112726,0,0,0,0,1,0,0,1,0,0,0,1,0,-73.74977811,42.67378604,12210,27
182,-73.74824909,-73.74519106,42.67491019,42.67266189,0,0,130721,1,0,0,0,0,0,0,0,0,0,0,0,0,-73.74672008,42.67378604,12210,27
183,-73.8247,-73.82164207,42.67266189,42.67041359,0,0,30021,0,0,0,0,0,0,0,0,0,0,0,0,0,-73.82317104,42.67153774,12203,151
184,-73.82164207,-73.81858415,42.67266189,42.67041359,0,0,91645,0,0,0,0,0,0,0,0,0,0,0,0,0,-73.82011311,42.67153774,12203,151
185,-73.81858415,-73.81552622,42.67266189,42.67041359,0,0,61624,0,0,0,0,0,0,0,0,0,0,0,0,0,-73.81705519,42.67153774,12203,151
186,-73.81552622,-73.8124683,42.67266189,42.67041359,0,0,0,0,0,0,0,0,0,0,0,0,0,0,0,0,-73.81399726,42.67153774,12203,151
187,-73.8124683,-73.80941037,42.67266189,42.67041359,0,0,92419,0,0,0,0,0,0,0,1,0,0,0,0,1,-73.81093933,42.67153774,12203,151
188,-73.80941037,-73.80635245,42.67266189,42.67041359,0,0,233869,0,0,0,0,0,0,0,0,0,0,0,0,0,-73.80788141,42.67153774,12208,108
189,-73.80635245,-73.80329452,42.67266189,42.67041359,0,0,52949,1,0,0,0,0,2,0,1,0,0,0,0,0,-73.80482348,42.67153774,12208,108
190,-73.80329452,-73.8002366,42.67266189,42.67041359,0,0,29088,0,0,0,0,0,0,0,0,0,0,0,0,0,-73.80176556,42.67153774,12208,108
191,-73.8002366,-73.79717867,42.67266189,42.67041359,0,0,0,0,0,0,0,0,0,0,1,0,0,0,0,0,-73.79870763,42.67153774,12206,28
192,-73.79717867,-73.79412074,42.67266189,42.67041359,0,0,1282,0,0,0,0,0,0,0,0,0,0,0,0,0,-73.79564971,42.67153774,12206,28
193,-73.79412074,-73.79106282,42.67266189,42.67041359,0,0,9632,0,0,0,0,0,0,0,0,0,0,0,0,0,-73.79259178,42.67153774,12206,28
194,-73.79106282,-73.78800489,42.67266189,42.67041359,0,0,67815,0,0,0,0,0,0,0,1,0,0,0,0,0,-73.78953386,42.67153774,12206,28
195,-73.78800489,-73.78494697,42.67266189,42.67041359,0,0,123627,0,0,0,0,0,0,0,1,0,0,0,1,0,-73.78647593,42.67153774,12206,28
196,-73.78494697,-73.78188904,42.67266189,42.67041359,0,0,0,1,0,0,0,0,3,0,0,0,0,0,0,0,-73.783418,42.67153774,12206,28
197,-73.78188904,-73.77883112,42.67266189,42.67041359,2135.333333,0,135058,0,0,0,2,0,1,0,1,0,0,0,3,1,-73.78036008,42.67153774,12206,28
198,-73.77883112,-73.77577319,42.67266189,42.67041359,3036.666667,0,29774,0,0,0,0,0,4,0,0,0,0,0,0,0,-73.77730215,42.67153774,12206,28
199,-73.77577319,-73.77271526,42.67266189,42.67041359,0,0,162215,0,0,0,0,0,1,0,0,0,0,0,0,0,-73.77424423,42.67153774,12206,28
200,-73.77271526,-73.76965734,42.67266189,42.67041359,0,0,192228,0,0,0,0,0,0,0,2,0,0,0,0,0,-73.7711863,42.67153774,12206,28
201,-73.76965734,-73.76659941,42.67266189,42.67041359,0,0,0,0,0,0,0,0,0,0,0,0,0,0,0,0,-73.76812838,42.67153774,12206,28
202,-73.76659941,-73.76354149,42.67266189,42.67041359,0,0,0,0,0,0,0,0,0,0,0,0,0,0,0,0,-73.76507045,42.67153774,12206,28
203,-73.76354149,-73.76048356,42.67266189,42.67041359,0,0,0,0,0,0,0,0,0,0,0,0,0,0,0,0,-73.76201253,42.67153774,12206,28
204,-73.76048356,-73.75742564,42.67266189,42.67041359,0,0,0,0,0,0,0,0,0,0,0,0,0,0,0,0,-73.7589546,42.67153774,12206,28
205,-73.75742564,-73.75436771,42.67266189,42.67041359,0,0,107665,0,0,0,0,0,0,0,0,0,0,0,0,0,-73.75589667,42.67153774,12210,27
206,-73.75436771,-73.75130979,42.67266189,42.67041359,4880,0,112739,0,0,0,0,0,0,0,1,0,0,1,1,0,-73.75283875,42.67153774,12210,27
207,-73.75130979,-73.74825186,42.67266189,42.67041359,0,0,27612,0,0,0,0,0,0,0,0,0,0,1,0,0,-73.74978082,42.67153774,12210,27
208,-73.74825186,-73.74519393,42.67266189,42.67041359,4134,0,148415,0,0,0,0,0,0,0,0,0,0,0,0,0,-73.7467229,42.67153774,12210,27
209,-73.8247,-73.82164219,42.67041359,42.66816529,0,0,63641,0,0,0,0,0,0,0,0,0,0,0,0,0,-73.82317109,42.66928944,12203,151
210,-73.82164219,-73.81858437,42.67041359,42.66816529,0,0,0,0,0,0,0,0,0,0,0,0,0,0,0,0,-73.82011328,42.66928944,12203,151
211,-73.81858437,-73.81552656,42.67041359,42.66816529,0,0,0,0,0,0,0,0,0,0,1,0,0,0,0,0,-73.81705546,42.66928944,12203,151
212,-73.81552656,-73.81246874,42.67041359,42.66816529,1752.666667,0,61624,0,0,0,0,0,0,0,0,0,0,0,0,0,-73.81399765,42.66928944,12203,151
213,-73.81246874,-73.80941093,42.67041359,42.66816529,0,0,0,0,0,0,0,0,0,0,0,0,0,0,0,0,-73.81093983,42.66928944,12208,108
214,-73.80941093,-73.80635311,42.67041359,42.66816529,0,0,59404,0,0,0,0,0,0,0,0,0,0,0,0,0,-73.80788202,42.66928944,12208,108
215,-73.80635311,-73.8032953,42.67041359,42.66816529,0,0,35065,0,0,0,0,0,0,0,0,0,0,0,0,0,-73.8048242,42.66928944,12208,108
216,-73.8032953,-73.80023748,42.67041359,42.66816529,0,0,45493,0,0,0,0,0,0,0,0,0,0,0,0,0,-73.80176639,42.66928944,12208,108
217,-73.80023748,-73.79717967,42.67041359,42.66816529,0,0,44492,0,0,0,0,0,0,0,0,0,0,0,1,0,-73.79870857,42.66928944,12208,108
218,-73.79717967,-73.79412185,42.67041359,42.66816529,0,0,10914,0,0,0,0,0,0,0,0,0,0,0,0,0,-73.79565076,42.66928944,12206,28
219,-73.79412185,-73.79106404,42.67041359,42.66816529,4660,0,9632,0,0,0,0,0,0,0,0,0,0,0,0,0,-73.79259294,42.66928944,12206,28
220,-73.79106404,-73.78800622,42.67041359,42.66816529,0,0,19412,0,0,0,0,0,0,0,0,0,0,0,4,0,-73.78953513,42.66928944,12206,28
221,-73.78800622,-73.78494841,42.67041359,42.66816529,0,0,53889,0,0,0,0,0,0,0,0,0,0,0,0,0,-73.78647731,42.66928944,12206,28
222,-73.78494841,-73.78189059,42.67041359,42.66816529,0,0,71067,0,0,0,0,0,1,0,0,0,0,0,0,0,-73.7834195,42.66928944,12206,28
223,-73.78189059,-73.77883278,42.67041359,42.66816529,0,0,0,1,0,0,0,0,0,0,0,0,0,0,0,0,-73.78036168,42.66928944,12206,28
224,-73.77883278,-73.77577496,42.67041359,42.66816529,0,0,46813,0,0,0,0,0,0,1,2,0,3,0,0,0,-73.77730387,42.66928944,12206,28
225,-73.77577496,-73.77271715,42.67041359,42.66816529,0,0,41567,1,0,0,0,0,3,0,0,0,0,0,1,0,-73.77424605,42.66928944,12206,28
226,-73.77271715,-73.76965933,42.67041359,42.66816529,0,0,0,0,0,0,0,0,0,0,0,0,0,0,0,0,-73.77118824,42.66928944,12206,28
227,-73.76965933,-73.76660152,42.67041359,42.66816529,3332.666667,0,0,0,0,0,0,0,0,0,0,0,0,0,0,0,-73.76813042,42.66928944,12206,28
228,-73.76660152,-73.7635437,42.67041359,42.66816529,0,0,0,0,0,0,0,0,0,0,0,0,0,0,0,0,-73.76507261,42.66928944,12206,28
229,-73.7635437,-73.76048589,42.67041359,42.66816529,0,0,0,0,0,0,0,0,0,0,0,0,0,0,0,0,-73.76201479,42.66928944,12206,28
230,-73.76048589,-73.75742807,42.67041359,42.66816529,0,0,0,0,0,0,0,0,1,0,0,0,0,0,0,0,-73.75895698,42.66928944,12210,27
231,-73.75742807,-73.75437026,42.67041359,42.66816529,0,0,5074,1,0,0,0,0,0,0,0,0,0,0,0,0,-73.75589916,42.66928944,12210,27
232,-73.75437026,-73.75131244,42.67041359,42.66816529,0,0,118805,0,0,0,0,0,0,0,0,0,0,0,0,0,-73.75284135,42.66928944,12210,27
233,-73.75131244,-73.74825463,42.67041359,42.66816529,0,0,111487,0,0,0,0,0,0,0,0,0,0,0,0,0,-73.74978353,42.66928944,12210,27
234,-73.74825463,-73.74519681,42.67041359,42.66816529,0,0,0,0,0,0,0,0,0,0,0,0,0,0,0,0,-73.74672572,42.66928944,12210,27
235,-73.8247,-73.8216423,42.66816529,42.66591699,0,0,19235,0,0,0,0,0,0,0,0,0,0,0,0,0,-73.82317115,42.66704114,12203,151
236,-73.8216423,-73.81858459,42.66816529,42.66591699,0,0,6620,0,0,0,0,0,0,0,0,0,0,0,0,0,-73.82011344,42.66704114,12203,151
237,-73.81858459,-73.81552689,42.66816529,42.66591699,0,0,0,0,0,0,0,0,0,0,0,0,0,0,0,0,-73.81705574,42.66704114,12203,151
238,-73.81552689,-73.81246918,42.66816529,42.66591699,0,0,178849,0,0,0,0,0,0,0,0,0,0,0,0,0,-73.81399803,42.66704114,12208,108
239,-73.81246918,-73.80941148,42.66816529,42.66591699,0,0,61624,0,0,0,0,0,0,0,0,0,0,0,0,0,-73.81094033,42.66704114,12208,108
240,-73.80941148,-73.80635377,42.66816529,42.66591699,0,0,7683,0,0,0,0,0,0,0,1,0,0,0,0,0,-73.80788263,42.66704114,12208,108
241,-73.80635377,-73.80329607,42.66816529,42.66591699,0,0,7683,0,0,0,0,0,0,0,0,0,0,0,0,0,-73.80482492,42.66704114,12208,108
242,-73.80329607,-73.80023837,42.66816529,42.66591699,0,0,15828,0,0,0,0,0,0,0,0,0,0,0,0,0,-73.80176722,42.66704114,12208,108
243,-73.80023837,-73.79718066,42.66816529,42.66591699,0,0,0,0,0,0,0,0,0,0,0,0,0,0,0,0,-73.79870951,42.66704114,12208,108
244,-73.79718066,-73.79412296,42.66816529,42.66591699,0,0,120530,1,0,0,0,0,1,0,0,0,0,0,0,0,-73.79565181,42.66704114,12208,108
245,-73.79412296,-73.79106525,42.66816529,42.66591699,0,0,0,0,0,0,0,0,0,0,5,0,3,0,3,0,-73.7925941,42.66704114,12206,28
246,-73.79106525,-73.78800755,42.66816529,42.66591699,2634,0,26413,2,0,1,0,0,1,0,0,0,0,0,0,0,-73.7895364,42.66704114,12206,28
247,-73.78800755,-73.78494984,42.66816529,42.66591699,0,0,21203,0,0,0,0,0,2,0,0,0,0,0,0,0,-73.7864787,42.66704114,12206,28
248,-73.78494984,-73.78189214,42.66816529,42.66591699,0,0,0,2,0,0,0,0,0,0,0,0,0,0,0,0,-73.78342099,42.66704114,12206,28
249,-73.78189214,-73.77883443,42.66816529,42.66591699,0,0,36692,0,1,0,0,0,0,0,0,0,0,0,0,0,-73.78036329,42.66704114,12206,28
250,-73.77883443,-73.77577673,42.66816529,42.66591699,0,0,13354,0,0,0,0,0,1,0,0,0,0,0,0,0,-73.77730558,42.66704114,12206,28
251,-73.77577673,-73.77271903,42.66816529,42.66591699,0,0,55737,0,0,0,0,0,0,1,1,0,1,0,0,0,-73.77424788,42.66704114,12206,28
252,-73.77271903,-73.76966132,42.66816529,42.66591699,0,0,47661,0,0,0,1,0,0,0,0,0,0,0,0,0,-73.77119017,42.66704114,12206,28
253,-73.76966132,-73.76660362,42.66816529,42.66591699,0,0,0,0,0,0,0,0,1,0,0,0,0,0,0,0,-73.76813247,42.66704114,12206,28
254,-73.76660362,-73.76354591,42.66816529,42.66591699,0,0,0,0,0,0,0,0,0,0,0,0,0,0,0,0,-73.76507476,42.66704114,12206,28
255,-73.76354591,-73.76048821,42.66816529,42.66591699,0,0,36538,0,0,0,0,0,0,0,0,0,0,0,0,0,-73.76201706,42.66704114,12210,27
256,-73.76048821,-73.7574305,42.66816529,42.66591699,0,0,0,0,0,0,0,0,1,0,0,0,0,1,0,0,-73.75895936,42.66704114,12210,27
257,-73.7574305,-73.7543728,42.66816529,42.66591699,0,0,97727,0,0,0,0,0,0,0,0,0,0,0,0,0,-73.75590165,42.66704114,12210,27
258,-73.7543728,-73.7513151,42.66816529,42.66591699,0,0,56357,0,0,0,0,0,0,0,0,0,0,0,0,0,-73.75284395,42.66704114,12210,27
259,-73.7513151,-73.74825739,42.66816529,42.66591699,0,0,0,0,0,0,0,0,0,0,0,0,0,0,0,0,-73.74978624,42.66704114,12210,27
260,-73.74825739,-73.74519969,42.66816529,42.66591699,0,0,0,0,0,0,0,0,0,0,0,0,0,0,0,0,-73.74672854,42.66704114,12207,49
261,-73.8247,-73.82164241,42.66591699,42.66366869,0,0,0,0,0,0,0,0,0,0,0,0,0,0,0,0,-73.8231712,42.66479284,12203,151
262,-73.82164241,-73.81858481,42.66591699,42.66366869,0,0,18250,0,0,0,0,0,0,0,0,0,0,0,0,0,-73.82011361,42.66479284,12203,151
263,-73.81858481,-73.81552722,42.66591699,42.66366869,20124,0,117225,0,0,0,0,0,0,0,0,0,0,0,0,0,-73.81705602,42.66479284,12208,108
264,-73.81552722,-73.81246962,42.66591699,42.66366869,0,0,106021,0,0,0,0,0,0,0,0,0,0,0,0,0,-73.81399842,42.66479284,12208,108
265,-73.81246962,-73.80941203,42.66591699,42.66366869,0,0,61624,0,0,0,0,0,0,0,0,0,0,0,0,0,-73.81094083,42.66479284,12208,108
266,-73.80941203,-73.80635444,42.66591699,42.66366869,0,0,69307,0,1,0,0,0,2,0,3,0,0,2,0,0,-73.80788323,42.66479284,12208,108
267,-73.80635444,-73.80329684,42.66591699,42.66366869,0,0,15828,0,0,0,0,0,0,0,0,0,0,0,0,0,-73.80482564,42.66479284,12208,108
268,-73.80329684,-73.80023925,42.66591699,42.66366869,0,0,0,0,0,0,0,0,0,0,0,0,0,0,0,0,-73.80176805,42.66479284,12208,108
269,-73.80023925,-73.79718166,42.66591699,42.66366869,0,0,53403,0,0,0,0,0,0,0,0,0,0,0,0,0,-73.79871045,42.66479284,12208,108
270,-73.79718166,-73.79412406,42.66591699,42.66366869,0,0,0,0,0,0,0,0,0,0,1,0,0,0,0,0,-73.79565286,42.66479284,12208,108
271,-73.79412406,-73.79106647,42.66591699,42.66366869,1057,0,0,0,1,0,0,0,0,0,1,0,0,0,0,1,-73.79259527,42.66479284,12208,108
272,-73.79106647,-73.78800887,42.66591699,42.66366869,0,1,103617,0,0,0,2,1,0,0,5,1,2,0,0,1,-73.78953767,42.66479284,12206,28
273,-73.78800887,-73.78495128,42.66591699,42.66366869,0,0,65879,2,0,0,0,0,4,0,0,1,0,0,0,0,-73.78648008,42.66479284,12206,28
274,-73.78495128,-73.78189369,42.66591699,42.66366869,0,0,5474,2,0,0,0,0,5,0,0,0,0,0,0,0,-73.78342248,42.66479284,12206,28
275,-73.78189369,-73.77883609,42.66591699,42.66366869,0,0,0,1,0,0,0,0,6,0,0,0,1,0,0,0,-73.78036489,42.66479284,12206,28
276,-73.77883609,-73.7757785,42.66591699,42.66366869,0,0,45616,0,0,0,1,0,1,0,0,0,0,0,0,0,-73.7773073,42.66479284,12206,28
277,-73.7757785,-73.77272091,42.66591699,42.66366869,0,0,104684,0,0,0,2,0,0,0,0,1,3,0,1,0,-73.7742497,42.66479284,12206,28
278,-73.77272091,-73.76966331,42.66591699,42.66366869,0,0,3846,1,0,0,1,0,0,0,0,0,1,0,0,1,-73.77119211,42.66479284,12206,28
279,-73.76966331,-73.76660572,42.66591699,42.66366869,0,0,30174,0,0,0,0,0,0,0,0,0,0,0,0,1,-73.76813452,42.66479284,12206,28
280,-73.76660572,-73.76354812,42.66591699,42.66366869,0,0,0,0,0,0,0,0,0,0,0,0,0,0,0,0,-73.76507692,42.66479284,12210,27
281,-73.76354812,-73.76049053,42.66591699,42.66366869,0,0,45002,0,0,0,0,0,0,0,0,0,0,0,0,1,-73.76201933,42.66479284,12210,27
282,-73.76049053,-73.75743294,42.66591699,42.66366869,0,0,123892,0,0,0,0,0,1,0,0,0,0,1,1,0,-73.75896173,42.66479284,12210,27
283,-73.75743294,-73.75437534,42.66591699,42.66366869,1522,0,165927,0,0,0,0,0,0,0,0,0,0,0,0,0,-73.75590414,42.66479284,12210,27
284,-73.75437534,-73.75131775,42.66591699,42.66366869,0,0,17816,0,0,0,0,0,3,0,1,0,0,0,0,0,-73.75284655,42.66479284,12210,27
285,-73.75131775,-73.74826016,42.66591699,42.66366869,0,0,4683,0,0,0,0,0,0,0,0,0,0,0,0,0,-73.74978895,42.66479284,12210,27
286,-73.74826016,-73.74520256,42.66591699,42.66366869,0,0,23819,0,0,0,0,0,0,0,0,0,0,0,0,0,-73.74673136,42.66479284,12207,49
287,-73.8247,-73.82164252,42.66366869,42.66142039,0,0,18250,0,0,0,0,0,0,0,0,0,0,0,0,0,-73.82317126,42.66254454,12203,151
288,-73.82164252,-73.81858503,42.66366869,42.66142039,398,0,186529,0,0,0,0,0,2,0,0,0,0,0,0,1,-73.82011378,42.66254454,12208,108
289,-73.81858503,-73.81552755,42.66366869,42.66142039,0,0,295112,0,0,0,0,0,0,0,0,0,0,0,0,0,-73.81705629,42.66254454,12208,108
290,-73.81552755,-73.81247007,42.66366869,42.66142039,0,0,18649,0,0,0,0,0,0,0,0,0,0,0,0,0,-73.81399881,42.66254454,12208,108
291,-73.81247007,-73.80941258,42.66366869,42.66142039,0,0,0,0,0,0,0,0,0,0,0,0,0,0,0,0,-73.81094133,42.66254454,12208,108
292,-73.80941258,-73.8063551,42.66366869,42.66142039,0,0,0,0,0,0,0,0,0,0,0,0,0,0,0,0,-73.80788384,42.66254454,12208,108
293,-73.8063551,-73.80329762,42.66366869,42.66142039,0,0,12860,0,1,0,0,0,0,0,0,0,0,0,0,0,-73.80482636,42.66254454,12208,108
294,-73.80329762,-73.80024013,42.66366869,42.66142039,6456.666667,0,66263,0,0,0,0,0,0,0,0,0,0,0,0,0,-73.80176888,42.66254454,12208,108
295,-73.80024013,-73.79718265,42.66366869,42.66142039,0,0,0,0,0,0,0,0,0,0,1,0,0,0,0,0,-73.79871139,42.66254454,12208,108
296,-73.79718265,-73.79412517,42.66366869,42.66142039,0,0,0,0,0,0,0,0,0,0,1,0,0,0,0,0,-73.79565391,42.66254454,12208,108
297,-73.79412517,-73.79106768,42.66366869,42.66142039,0,0,22374,0,0,0,0,0,0,0,0,0,0,0,0,0,-73.79259643,42.66254454,12208,108
298,-73.79106768,-73.7880102,42.66366869,42.66142039,0,0,62980,0,0,0,0,0,0,0,1,0,0,0,0,0,-73.78953894,42.66254454,12208,108
299,-73.7880102,-73.78495272,42.66366869,42.66142039,1054,0,31448,1,1,0,0,0,0,0,0,0,0,0,0,0,-73.78648146,42.66254454,12206,28
300,-73.78495272,-73.78189524,42.66366869,42.66142039,0,0,65879,0,0,0,0,0,0,0,1,0,2,0,1,2,-73.78342398,42.66254454,12206,28
301,-73.78189524,-73.77883775,42.66366869,42.66142039,2913,0,16613,1,0,0,1,0,0,0,0,0,0,0,0,0,-73.78036649,42.66254454,12206,28
302,-73.77883775,-73.77578027,42.66366869,42.66142039,0,0,24909,0,0,0,3,0,0,0,0,1,7,0,0,1,-73.77730901,42.66254454,12206,28
303,-73.77578027,-73.77272279,42.66366869,42.66142039,0,0,113541,0,0,0,0,0,0,0,0,0,1,0,0,1,-73.77425153,42.66254454,12206,28
304,-73.77272279,-73.7696653,42.66366869,42.66142039,0,0,18270,2,0,0,0,0,0,0,0,0,0,0,0,1,-73.77119404,42.66254454,12206,28
305,-73.7696653,-73.76660782,42.66366869,42.66142039,0,0,14641,0,0,0,0,0,0,0,0,0,0,0,0,0,-73.76813656,42.66254454,12210,27
306,-73.76660782,-73.76355034,42.66366869,42.66142039,0,0,32544,0,0,1,0,0,0,0,0,0,0,0,0,1,-73.76507908,42.66254454,12210,27
307,-73.76355034,-73.76049285,42.66366869,42.66142039,0,0,81936,0,0,0,0,0,1,0,0,0,0,0,0,1,-73.76202159,42.66254454,12210,27
308,-73.76049285,-73.75743537,42.66366869,42.66142039,0,0,140027,0,0,0,1,0,0,0,2,0,1,0,1,0,-73.75896411,42.66254454,12210,27
309,-73.75743537,-73.75437789,42.66366869,42.66142039,0,0,103724,0,0,0,0,0,0,0,0,0,0,0,0,0,-73.75590663,42.66254454,12210,27
310,-73.75437789,-73.7513204,42.66366869,42.66142039,0,0,12101,0,0,0,0,0,5,0,0,0,0,0,0,0,-73.75284914,42.66254454,12210,27
311,-73.7513204,-73.74826292,42.66366869,42.66142039,0,0,16784,2,0,0,0,0,1,0,0,0,0,0,0,0,-73.74979166,42.66254454,12207,49
312,-73.74826292,-73.74520544,42.66366869,42.66142039,0,0,73575,0,0,0,0,0,0,0,0,0,0,0,0,0,-73.74673418,42.66254454,12207,49
313,-73.8247,-73.82164263,42.66142039,42.65917208,0,0,31217,0,0,0,0,0,0,0,0,0,0,0,0,0,-73.82317131,42.66029624,12208,108
314,-73.82164263,-73.81858525,42.66142039,42.65917208,9302.666667,0,191962,0,0,0,0,0,0,0,0,0,0,0,0,1,-73.82011394,42.66029624,12208,108
315,-73.81858525,-73.81552788,42.66142039,42.65917208,0,0,21920,0,0,0,0,0,0,0,0,0,0,0,0,0,-73.81705657,42.66029624,12208,108
316,-73.81552788,-73.81247051,42.66142039,42.65917208,0,0,18649,0,0,0,0,0,0,0,1,0,0,0,0,0,-73.8139992,42.66029624,12208,108
317,-73.81247051,-73.80941314,42.66142039,42.65917208,0,0,61214,0,0,0,0,0,0,0,0,0,0,0,0,0,-73.81094182,42.66029624,12208,108
318,-73.80941314,-73.80635576,42.66142039,42.65917208,0,0,42565,0,0,0,0,0,0,0,0,0,0,0,0,0,-73.80788445,42.66029624,12208,108
319,-73.80635576,-73.80329839,42.66142039,42.65917208,0,0,0,0,0,0,0,0,0,0,0,0,0,0,0,0,-73.80482708,42.66029624,12208,108
320,-73.80329839,-73.80024102,42.66142039,42.65917208,0,0,53493,0,0,0,0,0,0,0,0,0,0,0,0,0,-73.80176971,42.66029624,12208,108
321,-73.80024102,-73.79718365,42.66142039,42.65917208,0,0,0,0,0,0,0,0,0,0,0,0,0,0,0,0,-73.79871233,42.66029624,12208,108
322,-73.79718365,-73.79412627,42.66142039,42.65917208,0,0,0,0,0,0,0,0,0,0,0,0,0,0,0,0,-73.79565496,42.66029624,12208,108
323,-73.79412627,-73.7910689,42.66142039,42.65917208,0,0,20692,0,0,0,0,0,0,0,0,0,0,0,0,0,-73.79259759,42.66029624,12208,108
324,-73.7910689,-73.78801153,42.66142039,42.65917208,0,0,0,0,0,0,0,0,5,0,0,0,0,0,0,0,-73.78954021,42.66029624,12208,108
325,-73.78801153,-73.78495416,42.66142039,42.65917208,0,0,73835,1,0,0,0,0,2,0,0,0,0,0,0,0,-73.78648284,42.66029624,12208,108
326,-73.78495416,-73.78189678,42.66142039,42.65917208,10179.33333,0,113566,0,0,0,3,0,0,0,0,0,4,0,0,0,-73.78342547,42.66029624,12206,28
327,-73.78189678,-73.77883941,42.66142039,42.65917208,4606.666667,0,174498,0,0,0,0,0,4,0,0,0,0,0,0,1,-73.7803681,42.66029624,12206,28
328,-73.77883941,-73.77578204,42.66142039,42.65917208,0,0,44868,0,0,0,1,0,0,0,0,0,1,0,0,0,-73.77731072,42.66029624,12206,28
329,-73.77578204,-73.77272467,42.66142039,42.65917208,0,0,34753,0,0,0,1,0,0,0,0,0,0,0,3,0,-73.77425335,42.66029624,12206,28
330,-73.77272467,-73.76966729,42.66142039,42.65917208,0,0,76979,2,0,0,0,0,1,0,0,0,1,0,1,0,-73.77119598,42.66029624,12210,27
331,-73.76966729,-73.76660992,42.66142039,42.65917208,0,0,65261,0,0,0,2,0,0,0,1,0,2,0,0,1,-73.76813861,42.66029624,12210,27
332,-73.76660992,-73.76355255,42.66142039,42.65917208,0,0,217,1,0,0,0,0,0,0,0,0,0,0,0,0,-73.76508123,42.66029624,12210,27
333,-73.76355255,-73.76049517,42.66142039,42.65917208,9384,0,189015,0,0,0,0,0,3,0,0,0,0,0,0,0,-73.76202386,42.66029624,12210,27
334,-73.76049517,-73.7574378,42.66142039,42.65917208,0,0,168389,0,0,0,0,0,1,0,0,0,0,0,1,0,-73.75896649,42.66029624,12210,27
335,-73.7574378,-73.75438043,42.66142039,42.65917208,0,0,0,0,0,0,0,0,0,0,0,0,0,0,0,1,-73.75590912,42.66029624,12210,27
336,-73.75438043,-73.75132306,42.66142039,42.65917208,0,0,36956,0,0,0,0,0,0,0,0,0,0,1,0,0,-73.75285174,42.66029624,12210,27
337,-73.75132306,-73.74826568,42.66142039,42.65917208,970.6666667,0,16784,0,0,0,0,0,0,0,0,0,0,0,0,0,-73.74979437,42.66029624,12207,49
338,-73.74826568,-73.74520831,42.66142039,42.65917208,0,0,0,0,0,0,0,0,0,0,0,0,0,0,1,0,-73.746737,42.66029624,12207,49
339,-73.8247,-73.82164274,42.65917208,42.65692378,0,0,113369,0,0,0,0,0,0,0,0,0,0,0,0,0,-73.82317137,42.65804793,12208,108
340,-73.82164274,-73.81858548,42.65917208,42.65692378,0,0,0,0,0,0,0,0,0,0,0,0,0,0,0,0,-73.82011411,42.65804793,12208,108
341,-73.81858548,-73.81552821,42.65917208,42.65692378,0,0,23549,0,0,0,0,0,0,0,0,0,0,0,0,0,-73.81705684,42.65804793,12208,108
342,-73.81552821,-73.81247095,42.65917208,42.65692378,0,0,88034,1,0,0,0,0,1,0,0,0,0,0,0,1,-73.81399958,42.65804793,12208,108
343,-73.81247095,-73.80941369,42.65917208,42.65692378,0,0,61214,0,0,0,0,0,0,0,1,0,0,0,0,1,-73.81094232,42.65804793,12208,108
344,-73.80941369,-73.80635643,42.65917208,42.65692378,0,0,42565,1,0,0,0,0,0,0,0,0,0,0,0,1,-73.80788506,42.65804793,12208,108
345,-73.80635643,-73.80329917,42.65917208,42.65692378,0,0,107600,0,0,0,0,0,0,0,0,0,0,0,0,0,-73.8048278,42.65804793,12208,108
346,-73.80329917,-73.8002419,42.65917208,42.65692378,0,0,0,0,0,0,0,0,0,0,0,0,2,0,0,0,-73.80177053,42.65804793,12208,108
347,-73.8002419,-73.79718464,42.65917208,42.65692378,0,0,0,0,0,0,0,0,0,0,0,0,0,0,0,0,-73.79871327,42.65804793,12208,108
348,-73.79718464,-73.79412738,42.65917208,42.65692378,3562,0,13766,0,0,0,0,0,0,0,0,0,0,0,0,0,-73.79565601,42.65804793,12208,108
349,-73.79412738,-73.79107012,42.65917208,42.65692378,0,0,0,0,0,0,0,0,0,0,0,0,0,0,0,0,-73.79259875,42.65804793,12208,108
350,-73.79107012,-73.78801285,42.65917208,42.65692378,0,0,5684,0,0,0,0,0,7,0,0,0,0,0,0,0,-73.78954149,42.65804793,12208,108
351,-73.78801285,-73.78495559,42.65917208,42.65692378,0,0,9545,0,0,0,0,0,0,0,0,0,0,0,0,0,-73.78648422,42.65804793,12208,108
352,-73.78495559,-73.78189833,42.65917208,42.65692378,0,0,95608,0,0,0,0,0,0,0,0,0,0,0,0,0,-73.78342696,42.65804793,12206,28
353,-73.78189833,-73.77884107,42.65917208,42.65692378,0,0,118540,0,0,0,0,0,0,0,0,0,0,0,0,1,-73.7803697,42.65804793,12206,28
354,-73.77884107,-73.77578381,42.65917208,42.65692378,0,0,85838,0,0,0,0,0,0,0,0,0,0,0,0,1,-73.77731244,42.65804793,12206,28
355,-73.77578381,-73.77272654,42.65917208,42.65692378,0,0,0,0,0,0,0,0,3,0,0,0,0,0,0,0,-73.77425518,42.65804793,12210,27
356,-73.77272654,-73.76966928,42.65917208,42.65692378,0,1,2479,0,0,0,0,0,2,0,0,0,0,0,0,0,-73.77119791,42.65804793,12210,27
357,-73.76966928,-73.76661202,42.65917208,42.65692378,0,0,56442,0,0,0,0,0,2,0,0,0,0,0,0,1,-73.76814065,42.65804793,12210,27
358,-73.76661202,-73.76355476,42.65917208,42.65692378,10310,0,157769,0,0,1,0,0,1,0,0,0,5,2,1,0,-73.76508339,42.65804793,12210,27
359,-73.76355476,-73.7604975,42.65917208,42.65692378,0,0,36805,0,0,0,0,0,0,0,0,0,0,0,0,0,-73.76202613,42.65804793,12210,27
360,-73.7604975,-73.75744023,42.65917208,42.65692378,0,1,59339,0,0,0,0,0,1,0,0,0,1,0,0,0,-73.75896887,42.65804793,12210,27
361,-73.75744023,-73.75438297,42.65917208,42.65692378,3822,0,59122,0,0,0,1,0,0,0,0,0,0,0,0,0,-73.7559116,42.65804793,12210,27
362,-73.75438297,-73.75132571,42.65917208,42.65692378,0,0,0,0,0,0,0,0,3,0,0,0,0,0,0,0,-73.75285434,42.65804793,12210,27
363,-73.75132571,-73.74826845,42.65917208,42.65692378,1466.666667,0,225297,0,0,0,1,0,3,0,0,0,1,0,0,0,-73.74979708,42.65804793,12207,49
364,-73.74826845,-73.74521119,42.65917208,42.65692378,0,0,60587,0,0,1,1,0,0,0,0,0,0,0,0,0,-73.74673982,42.65804793,12207,49
365,-73.8247,-73.82164285,42.65692378,42.65467548,0,0,0,0,0,0,0,0,0,0,0,0,0,0,0,0,-73.82317142,42.65579963,12208,108
366,-73.82164285,-73.8185857,42.65692378,42.65467548,0,0,41346,0,0,0,0,0,0,0,0,0,0,0,0,0,-73.82011427,42.65579963,12208,108
367,-73.8185857,-73.81552855,42.65692378,42.65467548,0,0,0,0,0,0,0,0,0,0,1,0,0,0,0,0,-73.81705712,42.65579963,12208,108
368,-73.81552855,-73.81247139,42.65692378,42.65467548,0,0,0,0,0,0,0,0,0,0,1,0,0,0,0,1,-73.81399997,42.65579963,12208,108
369,-73.81247139,-73.80941424,42.65692378,42.65467548,0,0,0,0,0,0,0,0,0,0,0,0,0,0,0,0,-73.81094282,42.65579963,12208,108
370,-73.80941424,-73.80635709,42.65692378,42.65467548,0,0,0,0,0,0,0,0,1,0,0,0,0,0,0,0,-73.80788567,42.65579963,12208,108
371,-73.80635709,-73.80329994,42.65692378,42.65467548,0,0,11632,0,0,0,0,1,1,0,0,0,0,0,0,0,-73.80482851,42.65579963,12208,108
372,-73.80329994,-73.80024279,42.65692378,42.65467548,0,0,0,0,0,1,0,0,1,0,3,0,0,0,0,1,-73.80177136,42.65579963,12208,108
373,-73.80024279,-73.79718564,42.65692378,42.65467548,0,0,65917,0,0,0,0,0,0,0,0,0,0,0,0,0,-73.79871421,42.65579963,12208,108
374,-73.79718564,-73.79412848,42.65692378,42.65467548,0,0,42565,1,0,0,0,0,0,0,1,0,0,0,0,0,-73.79565706,42.65579963,12208,108
375,-73.79412848,-73.79107133,42.65692378,42.65467548,0,0,0,0,0,0,0,0,1,0,0,0,0,0,0,0,-73.79259991,42.65579963,12208,108
376,-73.79107133,-73.78801418,42.65692378,42.65467548,0,0,0,0,0,0,0,0,1,0,0,0,0,0,0,1,-73.78954276,42.65579963,12208,108
377,-73.78801418,-73.78495703,42.65692378,42.65467548,0,0,9545,0,0,0,0,0,0,0,0,0,0,0,0,0,-73.78648561,42.65579963,12208,108
378,-73.78495703,-73.78189988,42.65692378,42.65467548,0,0,84127,0,0,0,0,0,0,0,0,0,0,0,0,0,-73.78342845,42.65579963,12208,108
379,-73.78189988,-73.77884273,42.65692378,42.65467548,0,0,27977,0,0,0,0,0,2,0,0,0,0,0,0,0,-73.7803713,42.65579963,12206,28
380,-73.77884273,-73.77578558,42.65692378,42.65467548,0,0,60454,0,0,0,0,0,0,0,0,0,0,0,0,0,-73.77731415,42.65579963,12210,27
381,-73.77578558,-73.77272842,42.65692378,42.65467548,0,0,109148,0,0,0,0,0,0,0,1,0,0,1,0,0,-73.774257,42.65579963,12210,27
382,-73.77272842,-73.76967127,42.65692378,42.65467548,0,0,127011,0,1,0,0,0,1,0,1,0,0,0,1,0,-73.77119985,42.65579963,12210,27
383,-73.76967127,-73.76661412,42.65692378,42.65467548,0,0,0,0,0,0,0,0,0,0,0,0,0,2,0,0,-73.7681427,42.65579963,12210,27
384,-73.76661412,-73.76355697,42.65692378,42.65467548,5561.333333,0,73426,0,0,0,3,0,0,0,0,1,9,1,1,2,-73.76508554,42.65579963,12210,27
385,-73.76355697,-73.76049982,42.65692378,42.65467548,7381.333333,0,84054,1,0,0,0,0,0,0,0,1,5,0,1,0,-73.76202839,42.65579963,12210,27
386,-73.76049982,-73.75744267,42.65692378,42.65467548,0,0,12271,0,0,1,0,0,1,0,0,1,1,1,0,0,-73.75897124,42.65579963,12210,27
387,-73.75744267,-73.75438551,42.65692378,42.65467548,0,0,27640,0,0,0,0,0,0,0,0,0,0,0,0,0,-73.75591409,42.65579963,12210,27
388,-73.75438551,-73.75132836,42.65692378,42.65467548,0,0,142638,0,0,0,0,0,1,0,0,0,0,0,0,1,-73.75285694,42.65579963,12207,49
389,-73.75132836,-73.74827121,42.65692378,42.65467548,0,0,266483,0,1,0,0,0,1,0,0,0,0,0,0,0,-73.74979979,42.65579963,12207,49
390,-73.74827121,-73.74521406,42.65692378,42.65467548,0,0,71788,0,0,0,0,0,0,0,1,0,0,0,0,0,-73.74674264,42.65579963,12207,49
391,-73.8247,-73.82164296,42.65467548,42.65242718,0,0,12468,0,0,0,0,0,0,0,0,0,0,0,0,0,-73.82317148,42.65355133,12208,108
392,-73.82164296,-73.81858592,42.65467548,42.65242718,0,0,112900,0,0,0,0,0,0,0,0,0,0,0,0,0,-73.82011444,42.65355133,12208,108
393,-73.81858592,-73.81552888,42.65467548,42.65242718,0,0,36854,0,0,0,0,0,0,0,0,0,0,0,0,0,-73.8170574,42.65355133,12208,108
394,-73.81552888,-73.81247184,42.65467548,42.65242718,0,0,0,0,0,0,0,0,0,0,0,0,0,0,0,0,-73.81400036,42.65355133,12208,108
395,-73.81247184,-73.80941479,42.65467548,42.65242718,0,0,0,0,0,0,0,0,0,0,0,0,0,0,0,0,-73.81094332,42.65355133,12208,108
396,-73.80941479,-73.80635775,42.65467548,42.65242718,0,0,0,0,0,0,0,0,0,0,0,0,0,0,0,0,-73.80788627,42.65355133,12208,108
397,-73.80635775,-73.80330071,42.65467548,42.65242718,0,0,73709,0,0,0,0,0,0,0,0,0,0,0,1,0,-73.80482923,42.65355133,12208,108
398,-73.80330071,-73.80024367,42.65467548,42.65242718,2396.666667,0,71663,0,0,0,0,0,0,0,0,0,0,0,0,0,-73.80177219,42.65355133,12208,108
399,-73.80024367,-73.79718663,42.65467548,42.65242718,0,0,12870,0,0,0,0,0,0,0,0,0,0,0,0,0,-73.79871515,42.65355133,12208,108
400,-73.79718663,-73.79412959,42.65467548,42.65242718,0,0,45849,0,0,0,0,0,0,0,0,0,0,0,0,0,-73.79565811,42.65355133,12208,108
401,-73.79412959,-73.79107255,42.65467548,42.65242718,0,0,42565,1,0,0,0,0,2,0,2,0,0,0,0,1,-73.79260107,42.65355133,12208,108
402,-73.79107255,-73.78801551,42.65467548,42.65242718,7671.333333,0,88858,0,0,2,1,1,0,0,0,0,4,0,1,0,-73.78954403,42.65355133,12208,108
403,-73.78801551,-73.78495847,42.65467548,42.65242718,1884.666667,0,156007,0,0,0,2,0,0,0,0,2,5,0,0,2,-73.78648699,42.65355133,12208,108
404,-73.78495847,-73.78190143,42.65467548,42.65242718,0,0,127040,0,0,0,0,0,0,0,0,0,0,0,1,0,-73.78342995,42.65355133,12209,28
405,-73.78190143,-73.77884438,42.65467548,42.65242718,8510,0,44129,0,0,0,0,1,1,0,0,0,0,1,0,0,-73.78037291,42.65355133,12209,28
406,-73.77884438,-73.77578734,42.65467548,42.65242718,0,0,65552,1,0,1,0,2,0,0,0,0,3,0,0,0,-73.77731586,42.65355133,12210,27
407,-73.77578734,-73.7727303,42.65467548,42.65242718,0,2,52223,0,0,2,0,1,0,0,0,0,2,0,2,0,-73.77425882,42.65355133,12210,27
408,-73.7727303,-73.76967326,42.65467548,42.65242718,0,0,82872,0,0,0,0,0,2,0,0,0,0,0,0,0,-73.77120178,42.65355133,12210,27
409,-73.76967326,-73.76661622,42.65467548,42.65242718,0,0,95147,0,0,0,0,0,0,1,0,4,11,1,0,0,-73.76814474,42.65355133,12210,27
410,-73.76661622,-73.76355918,42.65467548,42.65242718,0,0,143923,0,1,0,1,0,0,1,0,0,7,0,0,0,-73.7650877,42.65355133,12210,27
411,-73.76355918,-73.76050214,42.65467548,42.65242718,0,0,146326,1,0,0,0,0,0,0,0,0,1,0,0,2,-73.76203066,42.65355133,12210,27
412,-73.76050214,-73.7574451,42.65467548,42.65242718,4092,0,67809,0,0,0,0,0,1,0,0,0,2,2,4,0,-73.75897362,42.65355133,12210,27
413,-73.7574451,-73.75438806,42.65467548,42.65242718,0,0,17979,0,0,0,0,0,1,0,0,0,0,3,2,0,-73.75591658,42.65355133,12210,27
414,-73.75438806,-73.75133102,42.65467548,42.65242718,2427.333333,1,0,0,0,0,0,0,0,0,1,0,2,1,0,0,-73.75285954,42.65355133,12207,49
415,-73.75133102,-73.74827397,42.65467548,42.65242718,5772.666667,5,332168,0,1,1,0,0,6,0,1,0,4,1,4,1,-73.74980249,42.65355133,12207,49
416,-73.74827397,-73.74521693,42.65467548,42.65242718,0,0,186794,0,0,0,0,0,0,0,0,0,1,0,0,0,-73.74674545,42.65355133,12207,49
417,-73.8247,-73.82164307,42.65242718,42.65017888,0,0,0,0,0,0,0,0,0,0,0,0,0,0,0,0,-73.82317153,42.65130303,12208,108
418,-73.82164307,-73.81858614,42.65242718,42.65017888,0,0,0,0,0,0,0,0,1,0,0,0,1,0,0,0,-73.8201146,42.65130303,12208,108
419,-73.81858614,-73.81552921,42.65242718,42.65017888,0,0,100402,0,0,0,0,0,0,0,0,0,0,0,0,0,-73.81705767,42.65130303,12208,108
420,-73.81552921,-73.81247228,42.65242718,42.65017888,0,0,137226,0,0,0,0,0,0,0,0,0,0,0,1,1,-73.81400074,42.65130303,12208,108
421,-73.81247228,-73.80941535,42.65242718,42.65017888,5790,0,11680,0,0,0,0,0,1,0,0,0,0,0,0,1,-73.81094381,42.65130303,12208,108
422,-73.80941535,-73.80635842,42.65242718,42.65017888,0,0,48456,0,0,0,0,0,0,0,1,0,0,0,0,0,-73.80788688,42.65130303,12208,108
423,-73.80635842,-73.80330149,42.65242718,42.65017888,0,0,9586,0,0,0,0,0,0,0,0,0,0,0,0,0,-73.80482995,42.65130303,12208,108
424,-73.80330149,-73.80024456,42.65242718,42.65017888,5714,0,71663,0,0,0,0,0,0,0,1,0,0,0,0,0,-73.80177302,42.65130303,12208,108
425,-73.80024456,-73.79718763,42.65242718,42.65017888,0,0,65361,0,0,0,0,0,0,0,0,0,0,0,0,0,-73.79871609,42.65130303,12208,108
426,-73.79718763,-73.79413069,42.65242718,42.65017888,0,0,0,0,0,0,0,0,0,0,0,0,0,0,0,0,-73.79565916,42.65130303,12208,108
427,-73.79413069,-73.79107376,42.65242718,42.65017888,0,0,0,0,0,0,0,0,0,0,0,0,0,0,0,0,-73.79260223,42.65130303,12208,108
428,-73.79107376,-73.78801683,42.65242718,42.65017888,0,0,36748,0,0,0,0,0,0,0,0,0,0,0,0,0,-73.7895453,42.65130303,12208,108
429,-73.78801683,-73.7849599,42.65242718,42.65017888,0,0,11835,0,0,0,0,0,0,0,0,0,0,0,0,0,-73.78648837,42.65130303,12209,28
430,-73.7849599,-73.78190297,42.65242718,42.65017888,0,0,0,2,0,0,0,0,1,0,0,0,0,0,0,0,-73.78343144,42.65130303,12209,28
431,-73.78190297,-73.77884604,42.65242718,42.65017888,0,0,0,1,0,0,0,0,0,0,0,0,0,0,0,0,-73.78037451,42.65130303,12209,28
432,-73.77884604,-73.77578911,42.65242718,42.65017888,0,0,8963,2,0,0,0,0,1,0,0,0,0,0,0,0,-73.77731758,42.65130303,12209,28
433,-73.77578911,-73.77273218,42.65242718,42.65017888,0,0,0,0,0,0,0,1,0,0,0,0,0,0,0,0,-73.77426065,42.65130303,12210,27
434,-73.77273218,-73.76967525,42.65242718,42.65017888,2271,0,0,0,0,0,0,0,1,0,0,0,0,0,0,0,-73.77120372,42.65130303,12210,27
435,-73.76967525,-73.76661832,42.65242718,42.65017888,0,0,125085,0,1,0,2,0,1,0,0,1,3,1,1,0,-73.76814679,42.65130303,12210,27
436,-73.76661832,-73.76356139,42.65242718,42.65017888,0,0,87065,0,0,0,0,0,0,0,0,0,1,0,0,1,-73.76508985,42.65130303,12210,27
437,-73.76356139,-73.76050446,42.65242718,42.65017888,1210,0,195321,0,0,0,0,0,1,0,0,0,2,0,1,1,-73.76203292,42.65130303,12210,27
438,-73.76050446,-73.75744753,42.65242718,42.65017888,0,0,0,0,3,0,0,0,1,0,0,0,0,12,0,0,-73.75897599,42.65130303,12210,27
439,-73.75744753,-73.7543906,42.65242718,42.65017888,0,0,489600,0,0,1,0,0,1,0,1,0,4,4,3,0,-73.75591906,42.65130303,12210,27
440,-73.7543906,-73.75133367,42.65242718,42.65017888,5988.666667,0,0,0,0,2,0,0,2,0,0,1,11,1,6,2,-73.75286213,42.65130303,12207,49
441,-73.75133367,-73.74827674,42.65242718,42.65017888,6073.333333,1,283039,0,0,0,0,0,1,1,0,1,6,1,3,0,-73.7498052,42.65130303,12207,49
442,-73.74827674,-73.74521981,42.65242718,42.65017888,0,0,154285,0,0,0,0,0,1,0,0,0,0,0,1,0,-73.74674827,42.65130303,12207,49
443,-73.8247,-73.82164318,42.65017888,42.64793058,0,0,0,0,0,0,0,0,0,0,0,0,0,0,0,0,-73.82317159,42.64905473,12208,108
444,-73.82164318,-73.81858636,42.65017888,42.64793058,0,0,0,0,0,0,0,0,0,0,0,0,0,0,0,0,-73.82011477,42.64905473,12208,108
445,-73.81858636,-73.81552954,42.65017888,42.64793058,0,0,0,0,0,0,0,0,0,0,0,0,0,0,0,0,-73.81705795,42.64905473,12208,108
446,-73.81552954,-73.81247272,42.65017888,42.64793058,0,0,100402,0,0,0,0,0,0,0,0,0,0,0,0,0,-73.81400113,42.64905473,12208,108
447,-73.81247272,-73.8094159,42.65017888,42.64793058,0,0,0,0,0,0,0,0,0,0,0,0,0,0,0,0,-73.81094431,42.64905473,12208,108
448,-73.8094159,-73.80635908,42.65017888,42.64793058,0,0,36824,0,1,0,0,0,4,0,0,0,0,0,0,0,-73.80788749,42.64905473,12208,108
449,-73.80635908,-73.80330226,42.65017888,42.64793058,0,0,46410,0,0,0,0,0,0,0,0,0,0,0,0,0,-73.80483067,42.64905473,12208,108
450,-73.80330226,-73.80024544,42.65017888,42.64793058,0,0,40108,0,0,0,0,0,0,0,0,0,0,0,0,0,-73.80177385,42.64905473,12208,108
451,-73.80024544,-73.79718862,42.65017888,42.64793058,0,0,80606,0,0,0,0,0,0,0,0,0,0,0,0,0,-73.79871703,42.64905473,12208,108
452,-73.79718862,-73.7941318,42.65017888,42.64793058,0,0,18529,0,0,0,0,0,0,0,0,0,0,0,0,0,-73.79566021,42.64905473,12208,108
453,-73.7941318,-73.79107498,42.65017888,42.64793058,0,0,18529,0,0,0,0,0,0,0,0,0,0,0,0,0,-73.79260339,42.64905473,12208,108
454,-73.79107498,-73.78801816,42.65017888,42.64793058,0,0,36748,0,0,0,0,0,0,0,0,0,0,0,0,0,-73.78954657,42.64905473,12209,28
455,-73.78801816,-73.78496134,42.65017888,42.64793058,0,0,11835,0,0,0,0,0,1,0,0,0,0,0,0,0,-73.78648975,42.64905473,12209,28
456,-73.78496134,-73.78190452,42.65017888,42.64793058,0,0,0,0,0,0,0,0,6,0,0,0,0,0,0,0,-73.78343293,42.64905473,12209,28
457,-73.78190452,-73.7788477,42.65017888,42.64793058,0,0,0,0,0,0,0,0,2,0,0,0,0,0,1,0,-73.78037611,42.64905473,12209,28
458,-73.7788477,-73.77579088,42.65017888,42.64793058,0,0,38176,0,0,0,0,0,0,0,0,0,0,0,0,0,-73.77731929,42.64905473,12209,28
459,-73.77579088,-73.77273406,42.65017888,42.64793058,0,0,47139,0,0,0,0,0,0,0,0,0,0,0,1,0,-73.77426247,42.64905473,12209,28
460,-73.77273406,-73.76967724,42.65017888,42.64793058,0,0,0,0,0,0,0,0,0,0,0,0,0,0,0,0,-73.77120565,42.64905473,12202,13
461,-73.76967724,-73.76662042,42.65017888,42.64793058,0,0,96853,0,0,0,0,0,0,0,0,0,0,0,0,0,-73.76814883,42.64905473,12210,27
462,-73.76662042,-73.7635636,42.65017888,42.64793058,0,0,70765,0,0,0,0,0,1,0,0,0,0,0,0,0,-73.76509201,42.64905473,12210,27
463,-73.7635636,-73.76050678,42.65017888,42.64793058,0,0,112146,1,3,0,0,0,2,0,1,0,1,8,4,0,-73.76203519,42.64905473,12210,27
464,-73.76050678,-73.75744996,42.65017888,42.64793058,0,0,0,0,0,0,0,0,0,0,1,0,1,4,0,0,-73.75897837,42.64905473,12210,27
465,-73.75744996,-73.75439314,42.65017888,42.64793058,1291.333333,2,0,0,0,0,0,0,1,0,0,0,2,0,0,0,-73.75592155,42.64905473,12207,49
466,-73.75439314,-73.75133632,42.65017888,42.64793058,0,1,569031,0,1,4,0,0,0,0,1,0,15,1,1,0,-73.75286473,42.64905473,12207,49
467,-73.75133632,-73.7482795,42.65017888,42.64793058,0,0,261366,0,0,0,2,0,1,0,1,0,3,0,1,0,-73.74980791,42.64905473,12207,49
468,-73.7482795,-73.74522268,42.65017888,42.64793058,0,0,69020,0,1,0,0,0,0,0,2,0,0,1,0,0,-73.74675109,42.64905473,12207,49
469,-73.8247,-73.82164329,42.64793058,42.64568228,0,0,0,0,0,0,0,0,0,0,0,0,0,0,0,0,-73.82317165,42.64680643,12208,108
470,-73.82164329,-73.81858658,42.64793058,42.64568228,0,0,0,0,0,0,0,0,1,0,0,0,0,0,0,0,-73.82011494,42.64680643,12208,108
471,-73.81858658,-73.81552987,42.64793058,42.64568228,0,0,0,0,0,0,0,0,0,0,0,0,0,0,0,0,-73.81705823,42.64680643,12208,108
472,-73.81552987,-73.81247316,42.64793058,42.64568228,0,0,0,0,0,0,0,0,0,0,0,0,0,0,0,0,-73.81400152,42.64680643,12208,108
473,-73.81247316,-73.80941645,42.64793058,42.64568228,0,0,0,0,0,0,0,0,0,0,0,0,0,0,0,0,-73.81094481,42.64680643,12208,108
474,-73.80941645,-73.80635974,42.64793058,42.64568228,0,0,100402,0,0,0,0,0,1,0,0,0,0,0,0,0,-73.8078881,42.64680643,12208,108
475,-73.80635974,-73.80330303,42.64793058,42.64568228,0,0,0,0,0,0,0,0,0,0,0,0,0,0,0,0,-73.80483139,42.64680643,12208,108
476,-73.80330303,-73.80024632,42.64793058,42.64568228,0,0,59563,0,0,0,0,0,0,0,1,0,0,0,0,0,-73.80177468,42.64680643,12208,108
477,-73.80024632,-73.79718961,42.64793058,42.64568228,0,0,19455,0,0,0,0,0,0,0,1,0,0,0,0,0,-73.79871797,42.64680643,12208,108
478,-73.79718961,-73.7941329,42.64793058,42.64568228,0,0,19455,0,0,0,0,0,0,0,0,0,0,0,0,0,-73.79566126,42.64680643,12208,108
479,-73.7941329,-73.7910762,42.64793058,42.64568228,0,0,21348,0,0,0,0,0,0,0,0,0,0,0,0,0,-73.79260455,42.64680643,12209,28
480,-73.7910762,-73.78801949,42.64793058,42.64568228,0,0,18615,0,0,0,0,0,2,0,0,0,0,0,0,0,-73.78954784,42.64680643,12209,28
481,-73.78801949,-73.78496278,42.64793058,42.64568228,0,0,11835,3,0,0,0,0,4,0,0,0,0,0,0,0,-73.78649113,42.64680643,12209,28
482,-73.78496278,-73.78190607,42.64793058,42.64568228,0,0,0,0,0,0,0,0,0,0,0,0,0,0,0,1,-73.78343442,42.64680643,12209,28
483,-73.78190607,-73.77884936,42.64793058,42.64568228,0,0,0,0,0,0,0,0,0,0,1,0,0,0,0,0,-73.78037771,42.64680643,12209,28
484,-73.77884936,-73.77579265,42.64793058,42.64568228,0,0,0,1,0,0,0,0,0,0,0,0,0,0,0,1,-73.777321,42.64680643,12209,28
485,-73.77579265,-73.77273594,42.64793058,42.64568228,0,1,27492,0,0,0,0,0,0,0,0,0,0,0,0,0,-73.77426429,42.64680643,12209,28
486,-73.77273594,-73.76967923,42.64793058,42.64568228,0,0,59643,0,0,0,0,0,1,0,0,0,1,1,0,0,-73.77120758,42.64680643,12202,13
487,-73.76967923,-73.76662252,42.64793058,42.64568228,0,0,48521,1,0,0,0,0,0,0,0,0,0,0,0,0,-73.76815087,42.64680643,12202,13
488,-73.76662252,-73.76356581,42.64793058,42.64568228,0,0,60307,0,0,0,0,0,2,0,0,0,0,0,0,0,-73.76509416,42.64680643,12202,13
489,-73.76356581,-73.7605091,42.64793058,42.64568228,2394.666667,0,0,1,0,0,0,0,2,0,0,0,0,0,0,0,-73.76203745,42.64680643,12202,13
490,-73.7605091,-73.75745239,42.64793058,42.64568228,0,0,224799,0,0,0,0,0,3,0,0,0,3,0,0,1,-73.75898075,42.64680643,12202,13
491,-73.75745239,-73.75439568,42.64793058,42.64568228,12323,0,0,0,1,0,3,0,0,0,0,0,5,0,1,0,-73.75592404,42.64680643,12202,13
492,-73.75439568,-73.75133897,42.64793058,42.64568228,11734.5,0,476523,0,0,1,0,0,0,0,2,0,0,0,4,0,-73.75286733,42.64680643,12207,49
493,-73.75133897,-73.74828226,42.64793058,42.64568228,36789.33333,0,234928,0,0,0,0,0,0,0,1,0,2,1,1,0,-73.74981062,42.64680643,12207,49
494,-73.74828226,-73.74522555,42.64793058,42.64568228,0,0,87385,0,0,0,0,0,0,0,0,0,0,0,0,0,-73.74675391,42.64680643,12207,49
495,-73.8247,-73.8216434,42.64568228,42.64343398,0,0,0,0,0,0,0,0,0,0,0,0,0,0,0,0,-73.8231717,42.64455813,12208,108
496,-73.8216434,-73.8185868,42.64568228,42.64343398,0,0,0,0,0,0,0,0,0,0,0,0,0,0,0,0,-73.8201151,42.64455813,12208,108
497,-73.8185868,-73.8155302,42.64568228,42.64343398,0,0,0,0,0,0,0,0,0,0,0,0,0,0,0,0,-73.8170585,42.64455813,12208,108
498,-73.8155302,-73.8124736,42.64568228,42.64343398,0,0,0,0,0,0,0,0,0,0,0,0,0,0,0,0,-73.8140019,42.64455813,12208,108
499,-73.8124736,-73.809417,42.64568228,42.64343398,0,0,0,0,0,0,0,0,0,0,0,0,0,0,0,0,-73.8109453,42.64455813,12208,108
500,-73.809417,-73.80636041,42.64568228,42.64343398,0,0,100402,0,0,0,0,0,0,0,0,0,0,0,0,0,-73.80788871,42.64455813,12208,108
501,-73.80636041,-73.80330381,42.64568228,42.64343398,0,0,100402,0,0,0,0,0,0,0,0,0,0,0,0,0,-73.80483211,42.64455813,12208,108
502,-73.80330381,-73.80024721,42.64568228,42.64343398,0,0,59056,0,0,0,0,0,0,0,0,0,0,0,0,0,-73.80177551,42.64455813,12208,108
503,-73.80024721,-73.79719061,42.64568228,42.64343398,0,0,0,0,0,0,0,0,0,0,0,0,0,0,0,0,-73.79871891,42.64455813,12209,28
504,-73.79719061,-73.79413401,42.64568228,42.64343398,0,0,22274,0,0,0,0,0,1,0,0,0,0,0,0,0,-73.79566231,42.64455813,12209,28
505,-73.79413401,-73.79107741,42.64568228,42.64343398,0,0,22360,0,0,0,0,0,0,0,0,0,0,0,0,0,-73.79260571,42.64455813,12209,28
506,-73.79107741,-73.78802081,42.64568228,42.64343398,0,0,18615,0,0,0,0,0,0,0,0,0,0,0,0,0,-73.78954911,42.64455813,12209,28
507,-73.78802081,-73.78496421,42.64568228,42.64343398,0,0,48616,0,0,0,0,0,1,0,0,0,0,0,0,0,-73.78649251,42.64455813,12209,28
508,-73.78496421,-73.78190761,42.64568228,42.64343398,0,0,18529,3,0,0,0,0,3,0,0,0,0,0,0,0,-73.78343591,42.64455813,12209,28
509,-73.78190761,-73.77885101,42.64568228,42.64343398,0,0,48963,0,0,0,0,0,0,0,0,0,0,0,0,0,-73.78037931,42.64455813,12209,28
510,-73.77885101,-73.77579442,42.64568228,42.64343398,0,0,18529,0,0,0,0,0,0,0,0,0,0,0,0,0,-73.77732271,42.64455813,12209,28
511,-73.77579442,-73.77273782,42.64568228,42.64343398,0,0,32151,0,0,0,0,0,0,0,0,0,0,0,0,0,-73.77426612,42.64455813,12209,28
512,-73.77273782,-73.76968122,42.64568228,42.64343398,0,0,112428,0,0,0,0,1,0,0,0,0,1,1,1,0,-73.77120952,42.64455813,12202,13
513,-73.76968122,-73.76662462,42.64568228,42.64343398,1569.333333,0,84047,0,0,0,0,0,0,0,0,0,0,1,0,0,-73.76815292,42.64455813,12202,13
514,-73.76662462,-73.76356802,42.64568228,42.64343398,0,0,101592,0,0,0,1,0,1,0,0,0,0,0,0,0,-73.76509632,42.64455813,12202,13
515,-73.76356802,-73.76051142,42.64568228,42.64343398,2548.666667,0,78095,0,0,0,0,0,6,0,0,0,0,0,0,0,-73.76203972,42.64455813,12202,13
516,-73.76051142,-73.75745482,42.64568228,42.64343398,0,0,0,0,0,0,0,0,2,0,0,0,1,0,0,0,-73.75898312,42.64455813,12202,13
517,-73.75745482,-73.75439822,42.64568228,42.64343398,0,0,83655,0,0,0,0,0,0,0,0,1,0,0,0,0,-73.75592652,42.64455813,12202,13
518,-73.75439822,-73.75134162,42.64568228,42.64343398,0,0,364183,0,0,0,0,0,2,0,0,0,0,0,0,0,-73.75286992,42.64455813,12202,13
519,-73.75134162,-73.74828502,42.64568228,42.64343398,4599,0,298344,0,0,0,0,0,0,0,0,0,0,2,0,0,-73.74981332,42.64455813,12202,13
520,-73.74828502,-73.74522842,42.64568228,42.64343398,0,0,0,0,0,0,0,0,0,0,0,0,0,0,0,0,-73.74675672,42.64455813,12207,49
521,-73.8247,-73.82164351,42.64343398,42.64118568,0,0,0,0,0,0,0,0,0,0,0,0,0,0,0,0,-73.82317176,42.64230983,12208,108
522,-73.82164351,-73.81858702,42.64343398,42.64118568,0,0,0,0,0,0,0,0,0,0,0,0,0,0,0,0,-73.82011527,42.64230983,12208,108
523,-73.81858702,-73.81553053,42.64343398,42.64118568,0,0,0,0,0,0,0,0,1,0,0,0,0,0,0,0,-73.81705878,42.64230983,12208,108
524,-73.81553053,-73.81247405,42.64343398,42.64118568,0,0,0,0,0,0,0,0,0,0,0,0,0,0,0,0,-73.81400229,42.64230983,12208,108
525,-73.81247405,-73.80941756,42.64343398,42.64118568,0,0,0,0,0,0,0,0,0,0,0,0,0,0,0,0,-73.8109458,42.64230983,12208,108
526,-73.80941756,-73.80636107,42.64343398,42.64118568,0,0,0,0,0,0,0,0,0,0,0,0,0,0,0,0,-73.80788931,42.64230983,12208,108
527,-73.80636107,-73.80330458,42.64343398,42.64118568,0,0,0,0,0,0,0,0,0,0,0,0,0,0,0,0,-73.80483282,42.64230983,12208,108
528,-73.80330458,-73.80024809,42.64343398,42.64118568,0,0,100402,0,0,0,0,0,0,0,0,0,0,0,0,0,-73.80177634,42.64230983,12209,28
529,-73.80024809,-73.7971916,42.64343398,42.64118568,0,0,59056,0,0,0,0,0,0,0,0,0,0,0,0,0,-73.79871985,42.64230983,12209,28
530,-73.7971916,-73.79413511,42.64343398,42.64118568,0,0,0,2,0,0,0,0,4,0,0,0,0,0,0,0,-73.79566336,42.64230983,12209,28
531,-73.79413511,-73.79107863,42.64343398,42.64118568,0,0,19455,0,0,0,0,0,0,0,0,0,0,0,0,0,-73.79260687,42.64230983,12209,28
532,-73.79107863,-73.78802214,42.64343398,42.64118568,2878,0,37707,3,0,0,0,0,0,0,0,0,0,0,0,0,-73.78955038,42.64230983,12209,28
533,-73.78802214,-73.78496565,42.64343398,42.64118568,0,0,0,1,0,0,0,0,0,0,0,0,0,0,0,2,-73.78649389,42.64230983,12209,28
534,-73.78496565,-73.78190916,42.64343398,42.64118568,0,0,0,0,0,0,0,0,0,0,0,0,0,0,0,0,-73.7834374,42.64230983,12209,28
535,-73.78190916,-73.77885267,42.64343398,42.64118568,0,0,76711,1,0,1,1,0,0,0,1,0,3,0,0,1,-73.78038092,42.64230983,12209,28
536,-73.77885267,-73.77579618,42.64343398,42.64118568,0,0,145700,1,1,0,0,0,0,0,0,0,2,0,0,0,-73.77732443,42.64230983,12209,28
537,-73.77579618,-73.77273969,42.64343398,42.64118568,0,0,14778,0,0,0,0,0,0,0,0,0,0,0,0,1,-73.77426794,42.64230983,12209,28
538,-73.77273969,-73.76968321,42.64343398,42.64118568,0,0,55848,2,0,0,0,0,0,0,0,0,0,0,0,0,-73.77121145,42.64230983,12202,13
539,-73.76968321,-73.76662672,42.64343398,42.64118568,0,0,0,0,0,0,0,0,2,0,0,0,0,0,0,0,-73.76815496,42.64230983,12202,13
540,-73.76662672,-73.76357023,42.64343398,42.64118568,0,0,15635,0,0,0,0,0,0,0,0,0,0,0,0,0,-73.76509847,42.64230983,12202,13
541,-73.76357023,-73.76051374,42.64343398,42.64118568,0,0,132738,0,0,0,0,0,3,0,0,0,0,0,0,0,-73.76204198,42.64230983,12202,13
542,-73.76051374,-73.75745725,42.64343398,42.64118568,0,0,90327,0,0,0,0,0,1,0,2,0,0,1,0,1,-73.7589855,42.64230983,12202,13
543,-73.75745725,-73.75440076,42.64343398,42.64118568,2751.333333,0,125310,0,0,0,0,0,0,0,0,0,0,0,0,0,-73.75592901,42.64230983,12202,13
544,-73.75440076,-73.75134427,42.64343398,42.64118568,10097,0,0,0,0,0,0,0,0,0,0,0,0,0,0,1,-73.75287252,42.64230983,12202,13
545,-73.75134427,-73.74828779,42.64343398,42.64118568,0,0,164063,0,0,0,0,0,0,0,0,0,0,3,0,0,-73.74981603,42.64230983,12202,13
546,-73.74828779,-73.7452313,42.64343398,42.64118568,0,0,72404,0,0,0,0,0,4,0,0,0,0,0,0,0,-73.74675954,42.64230983,12202,13
547,-73.8247,-73.82164362,42.64118568,42.63893737,0,0,0,0,0,0,0,0,0,0,0,0,0,0,0,0,-73.82317181,42.64006152,12208,108
548,-73.82164362,-73.81858724,42.64118568,42.63893737,0,0,0,0,0,0,0,0,0,0,0,0,0,0,0,0,-73.82011543,42.64006152,12208,108
549,-73.81858724,-73.81553087,42.64118568,42.63893737,0,0,0,0,0,0,0,0,1,0,0,0,0,0,0,0,-73.81705905,42.64006152,12208,108
550,-73.81553087,-73.81247449,42.64118568,42.63893737,0,0,0,0,0,0,0,0,0,0,0,0,0,0,0,0,-73.81400268,42.64006152,12208,108
551,-73.81247449,-73.80941811,42.64118568,42.63893737,0,0,0,0,0,0,0,0,0,0,0,0,0,0,0,0,-73.8109463,42.64006152,12208,108
552,-73.80941811,-73.80636173,42.64118568,42.63893737,0,0,0,0,0,0,0,0,0,0,0,0,0,0,0,0,-73.80788992,42.64006152,12208,108
553,-73.80636173,-73.80330535,42.64118568,42.63893737,0,0,0,0,0,0,0,0,0,0,0,0,0,0,0,0,-73.80483354,42.64006152,12209,28
554,-73.80330535,-73.80024897,42.64118568,42.63893737,0,0,0,0,0,0,0,0,0,0,0,0,0,0,0,0,-73.80177716,42.64006152,12209,28
555,-73.80024897,-73.7971926,42.64118568,42.63893737,0,0,0,0,0,0,0,0,0,0,0,0,0,0,0,0,-73.79872079,42.64006152,12209,28
556,-73.7971926,-73.79413622,42.64118568,42.63893737,0,0,59056,0,0,0,0,0,1,0,0,0,0,0,0,0,-73.79566441,42.64006152,12209,28
557,-73.79413622,-73.79107984,42.64118568,42.63893737,0,0,0,0,0,0,0,0,0,0,0,0,0,0,0,0,-73.79260803,42.64006152,12209,28
558,-73.79107984,-73.78802346,42.64118568,42.63893737,0,0,0,0,0,0,0,0,2,0,0,0,0,0,0,0,-73.78955165,42.64006152,12209,28
559,-73.78802346,-73.78496708,42.64118568,42.63893737,0,0,64744,0,0,0,1,0,0,0,0,0,2,0,0,0,-73.78649527,42.64006152,12209,28
560,-73.78496708,-73.78191071,42.64118568,42.63893737,0,0,112973,0,0,0,1,0,0,0,0,0,1,0,0,0,-73.7834389,42.64006152,12209,28
561,-73.78191071,-73.77885433,42.64118568,42.63893737,0,0,83542,0,0,0,0,0,0,0,0,0,1,0,0,0,-73.78038252,42.64006152,12209,28
562,-73.77885433,-73.77579795,42.64118568,42.63893737,0,0,165408,0,0,0,0,0,0,0,0,0,0,0,0,0,-73.77732614,42.64006152,12209,28
563,-73.77579795,-73.77274157,42.64118568,42.63893737,0,0,250525,0,0,0,0,0,3,0,0,0,0,0,0,0,-73.77426976,42.64006152,12209,28
564,-73.77274157,-73.76968519,42.64118568,42.63893737,0,0,37525,0,0,0,0,0,0,0,0,0,0,0,0,0,-73.77121338,42.64006152,12202,13
565,-73.76968519,-73.76662882,42.64118568,42.63893737,0,0,37525,0,0,0,0,0,0,0,0,0,0,0,0,0,-73.768157,42.64006152,12202,13
566,-73.76662882,-73.76357244,42.64118568,42.63893737,0,0,0,0,0,0,0,0,2,0,0,0,0,0,0,0,-73.76510063,42.64006152,12202,13
567,-73.76357244,-73.76051606,42.64118568,42.63893737,0,0,18163,0,0,0,0,0,3,0,0,0,0,0,0,1,-73.76204425,42.64006152,12202,13
568,-73.76051606,-73.75745968,42.64118568,42.63893737,0,0,31403,0,0,0,0,0,0,0,0,0,0,0,0,1,-73.75898787,42.64006152,12202,13
569,-73.75745968,-73.7544033,42.64118568,42.63893737,1373.333333,0,260202,1,0,0,0,0,3,0,0,0,0,0,0,1,-73.75593149,42.64006152,12202,13
570,-73.7544033,-73.75134692,42.64118568,42.63893737,6899,0,0,0,0,0,0,0,0,0,0,0,0,0,0,0,-73.75287511,42.64006152,12202,13
571,-73.75134692,-73.74829055,42.64118568,42.63893737,0,0,0,0,0,0,0,0,0,0,0,0,0,0,0,0,-73.74981874,42.64006152,12202,13
572,-73.74829055,-73.74523417,42.64118568,42.63893737,0,0,0,0,0,0,1,0,0,0,1,0,0,0,1,0,-73.74676236,42.64006152,12202,13
573,-73.8247,-73.82164373,42.63893737,42.63668907,0,0,0,0,0,0,0,0,0,0,0,0,0,0,0,0,-73.82317187,42.63781322,12208,108
574,-73.82164373,-73.81858746,42.63893737,42.63668907,0,0,3480,0,0,0,0,0,0,0,0,0,0,0,0,0,-73.8201156,42.63781322,12208,108
575,-73.81858746,-73.8155312,42.63893737,42.63668907,0,0,0,0,0,0,0,0,0,0,0,0,0,0,0,0,-73.81705933,42.63781322,12208,108
576,-73.8155312,-73.81247493,42.63893737,42.63668907,0,0,0,0,0,0,0,0,0,0,0,0,0,0,0,0,-73.81400306,42.63781322,12208,108
577,-73.81247493,-73.80941866,42.63893737,42.63668907,0,0,0,0,0,0,0,0,0,0,0,0,0,0,0,0,-73.8109468,42.63781322,12209,28
578,-73.80941866,-73.80636239,42.63893737,42.63668907,0,0,0,0,0,0,0,0,0,0,0,0,0,1,0,0,-73.80789053,42.63781322,12209,28
579,-73.80636239,-73.80330613,42.63893737,42.63668907,0,0,0,0,0,0,0,0,0,0,0,0,0,0,0,0,-73.80483426,42.63781322,12209,28
580,-73.80330613,-73.80024986,42.63893737,42.63668907,0,0,0,0,0,0,0,0,0,0,0,0,0,0,0,0,-73.80177799,42.63781322,12209,28
581,-73.80024986,-73.79719359,42.63893737,42.63668907,0,0,0,0,0,0,0,0,0,0,0,0,0,0,0,0,-73.79872172,42.63781322,12209,28
582,-73.79719359,-73.79413732,42.63893737,42.63668907,0,0,0,0,0,0,0,0,0,0,0,0,0,0,0,0,-73.79566546,42.63781322,12209,28
583,-73.79413732,-73.79108106,42.63893737,42.63668907,0,0,4796,0,0,0,0,0,0,0,0,0,0,0,0,0,-73.79260919,42.63781322,12209,28
584,-73.79108106,-73.78802479,42.63893737,42.63668907,0,0,141165,0,0,0,0,0,0,0,1,0,2,0,0,0,-73.78955292,42.63781322,12209,28
585,-73.78802479,-73.78496852,42.63893737,42.63668907,5852,0,18168,0,0,0,0,0,0,0,0,0,0,0,0,0,-73.78649665,42.63781322,12209,28
586,-73.78496852,-73.78191225,42.63893737,42.63668907,3585.333333,0,49827,0,0,0,1,0,0,0,0,0,0,0,0,0,-73.78344039,42.63781322,12209,28
587,-73.78191225,-73.77885598,42.63893737,42.63668907,0,0,0,0,0,0,0,0,0,0,0,0,0,0,0,0,-73.78038412,42.63781322,12209,28
588,-73.77885598,-73.77579972,42.63893737,42.63668907,0,0,14594,0,0,0,0,0,3,0,0,0,0,0,0,0,-73.77732785,42.63781322,12209,28
589,-73.77579972,-73.77274345,42.63893737,42.63668907,4413.333333,0,198482,0,0,0,0,0,3,0,0,0,0,0,0,0,-73.77427158,42.63781322,12209,28
590,-73.77274345,-73.76968718,42.63893737,42.63668907,0,0,0,0,0,0,0,0,3,0,0,0,0,0,0,0,-73.77121532,42.63781322,12202,13
591,-73.76968718,-73.76663091,42.63893737,42.63668907,0,0,0,0,0,0,0,0,0,0,0,0,0,0,0,0,-73.76815905,42.63781322,12202,13
592,-73.76663091,-73.76357465,42.63893737,42.63668907,0,0,37265,1,0,0,0,0,1,0,0,0,0,0,0,0,-73.76510278,42.63781322,12202,13
593,-73.76357465,-73.76051838,42.63893737,42.63668907,0,0,37265,0,0,0,0,0,0,0,0,0,0,0,0,0,-73.76204651,42.63781322,12202,13
594,-73.76051838,-73.75746211,42.63893737,42.63668907,0,2,50786,0,0,0,1,0,0,0,0,0,0,0,0,0,-73.75899024,42.63781322,12202,13
595,-73.75746211,-73.75440584,42.63893737,42.63668907,0,0,0,0,0,0,0,0,0,0,0,0,0,0,0,0,-73.75593398,42.63781322,12202,13
596,-73.75440584,-73.75134958,42.63893737,42.63668907,0,0,61958,0,0,0,0,0,0,0,0,0,0,0,0,0,-73.75287771,42.63781322,12202,13
597,-73.75134958,-73.74829331,42.63893737,42.63668907,0,0,0,0,0,0,0,0,0,0,0,0,0,0,0,0,-73.74982144,42.63781322,12202,13
598,-73.74829331,-73.74523704,42.63893737,42.63668907,1908.666667,0,0,0,0,1,0,0,0,0,2,0,0,0,0,2,-73.74676517,42.63781322,12202,13
599,-73.8247,-73.82164384,42.63668907,42.63444077,0,0,0,0,0,0,0,0,0,0,0,0,0,0,0,0,-73.82317192,42.63556492,12208,108
600,-73.82164384,-73.81858769,42.63668907,42.63444077,0,0,3480,0,0,0,0,0,0,0,0,0,0,0,0,0,-73.82011576,42.63556492,12208,108
601,-73.81858769,-73.81553153,42.63668907,42.63444077,0,0,0,0,0,0,0,0,0,0,0,0,0,0,0,0,-73.81705961,42.63556492,12208,108
602,-73.81553153,-73.81247537,42.63668907,42.63444077,0,0,0,0,0,0,0,0,0,0,0,0,0,0,0,0,-73.81400345,42.63556492,12209,28
603,-73.81247537,-73.80941921,42.63668907,42.63444077,0,0,0,0,0,0,0,0,0,0,0,0,0,0,0,0,-73.81094729,42.63556492,12209,28
604,-73.80941921,-73.80636306,42.63668907,42.63444077,0,0,0,0,0,0,0,0,0,0,0,0,0,0,0,0,-73.80789113,42.63556492,12209,28
605,-73.80636306,-73.8033069,42.63668907,42.63444077,0,0,0,0,0,0,0,0,0,0,0,0,0,0,0,0,-73.80483498,42.63556492,12209,28
606,-73.8033069,-73.80025074,42.63668907,42.63444077,0,0,0,0,0,0,0,0,0,0,0,0,0,0,0,0,-73.80177882,42.63556492,12209,28
607,-73.80025074,-73.79719458,42.63668907,42.63444077,0,0,0,0,0,0,0,0,0,0,0,0,0,0,0,0,-73.79872266,42.63556492,12209,28
608,-73.79719458,-73.79413843,42.63668907,42.63444077,0,0,4796,0,0,0,0,0,0,0,0,0,0,0,0,0,-73.79566651,42.63556492,12209,28
609,-73.79413843,-73.79108227,42.63668907,42.63444077,0,1,4796,0,0,0,0,0,0,0,0,0,0,0,0,0,-73.79261035,42.63556492,12209,28
610,-73.79108227,-73.78802611,42.63668907,42.63444077,0,0,118857,0,0,0,0,0,0,0,0,0,0,0,0,0,-73.78955419,42.63556492,12209,28
611,-73.78802611,-73.78496996,42.63668907,42.63444077,0,0,125403,0,0,0,0,0,0,0,0,0,0,0,0,0,-73.78649803,42.63556492,12209,28
612,-73.78496996,-73.7819138,42.63668907,42.63444077,0,0,82182,0,0,0,0,0,0,0,0,0,0,0,0,0,-73.78344188,42.63556492,12209,28
613,-73.7819138,-73.77885764,42.63668907,42.63444077,0,0,0,0,0,0,0,0,0,0,0,0,0,0,0,0,-73.78038572,42.63556492,12209,28
614,-73.77885764,-73.77580148,42.63668907,42.63444077,0,0,209183,0,0,0,0,0,2,0,0,0,0,0,0,0,-73.77732956,42.63556492,12209,28
615,-73.77580148,-73.77274533,42.63668907,42.63444077,0,0,375703,0,0,0,0,0,1,0,0,0,0,0,0,0,-73.7742734,42.63556492,12209,28
616,-73.77274533,-73.76968917,42.63668907,42.63444077,0,0,0,0,0,0,0,0,1,0,0,0,0,0,0,0,-73.77121725,42.63556492,12202,13
617,-73.76968917,-73.76663301,42.63668907,42.63444077,0,0,0,0,0,0,0,0,4,0,0,0,0,0,0,0,-73.76816109,42.63556492,12202,13
618,-73.76663301,-73.76357685,42.63668907,42.63444077,0,0,0,0,0,0,0,0,5,0,0,0,0,0,0,0,-73.76510493,42.63556492,12202,13
619,-73.76357685,-73.7605207,42.63668907,42.63444077,0,0,110768,0,0,0,1,0,0,0,0,0,0,0,0,0,-73.76204878,42.63556492,12202,13
620,-73.7605207,-73.75746454,42.63668907,42.63444077,0,0,152945,0,0,0,0,0,0,0,0,0,0,0,0,0,-73.75899262,42.63556492,12202,13
621,-73.75746454,-73.75440838,42.63668907,42.63444077,0,0,0,0,0,0,0,0,1,0,0,0,1,0,0,0,-73.75593646,42.63556492,12202,13
622,-73.75440838,-73.75135223,42.63668907,42.63444077,0,0,0,0,0,0,0,0,0,0,0,0,0,0,0,0,-73.7528803,42.63556492,12202,13
623,-73.75135223,-73.74829607,42.63668907,42.63444077,0,0,0,0,0,0,0,0,1,0,0,0,0,1,0,1,-73.74982415,42.63556492,12202,13
624,-73.74829607,-73.74523991,42.63668907,42.63444077,0,0,0,0,0,0,0,0,1,0,0,0,0,0,0,0,-73.74676799,42.63556492,12202,13
625,-73.8247,-73.82164395,42.63444077,42.63219247,0,0,0,0,0,0,0,0,0,0,0,0,0,0,0,0,-73.82317198,42.63331662,12208,108
626,-73.82164395,-73.81858791,42.63444077,42.63219247,0,0,3480,0,0,0,0,0,0,0,0,0,0,0,0,0,-73.82011593,42.63331662,12208,108
627,-73.81858791,-73.81553186,42.63444077,42.63219247,0,0,3480,0,0,0,0,0,0,0,0,0,0,0,0,0,-73.81705988,42.63331662,12209,28
628,-73.81553186,-73.81247581,42.63444077,42.63219247,0,0,0,0,0,0,0,0,0,0,0,0,0,0,0,0,-73.81400384,42.63331662,12209,28
629,-73.81247581,-73.80941977,42.63444077,42.63219247,0,0,0,0,0,0,0,0,0,0,0,0,0,0,0,0,-73.81094779,42.63331662,12209,28
630,-73.80941977,-73.80636372,42.63444077,42.63219247,0,0,0,0,0,0,0,0,1,0,0,0,0,0,0,0,-73.80789174,42.63331662,12209,28
631,-73.80636372,-73.80330767,42.63444077,42.63219247,0,0,0,0,0,0,0,0,0,0,0,0,0,0,0,0,-73.8048357,42.63331662,12209,28
632,-73.80330767,-73.80025163,42.63444077,42.63219247,0,0,4796,0,0,0,0,0,0,0,0,0,0,0,0,0,-73.80177965,42.63331662,12209,28
633,-73.80025163,-73.79719558,42.63444077,42.63219247,0,0,4796,0,0,0,0,0,0,0,0,0,0,0,0,0,-73.7987236,42.63331662,12209,28
634,-73.79719558,-73.79413953,42.63444077,42.63219247,0,0,4796,0,0,0,0,0,0,0,0,0,0,0,0,0,-73.79566755,42.63331662,12209,28
635,-73.79413953,-73.79108348,42.63444077,42.63219247,0,0,0,0,0,0,0,0,0,0,0,0,0,0,0,0,-73.79261151,42.63331662,12209,28
636,-73.79108348,-73.78802744,42.63444077,42.63219247,0,0,0,0,0,0,0,0,0,0,0,0,0,0,0,0,-73.78955546,42.63331662,12209,28
637,-73.78802744,-73.78497139,42.63444077,42.63219247,0,0,18455,0,0,0,0,0,0,0,0,0,0,0,0,0,-73.78649941,42.63331662,12209,28
638,-73.78497139,-73.78191534,42.63444077,42.63219247,0,0,127430,0,0,0,0,0,0,0,0,0,0,0,0,0,-73.78344337,42.63331662,12209,28
639,-73.78191534,-73.7788593,42.63444077,42.63219247,0,0,151227,0,0,0,0,0,0,0,0,0,0,0,0,0,-73.78038732,42.63331662,12209,28
640,-73.7788593,-73.77580325,42.63444077,42.63219247,19685.33333,0,157517,0,0,0,0,0,0,0,0,0,0,0,0,0,-73.77733127,42.63331662,12209,28
641,-73.77580325,-73.7727472,42.63444077,42.63219247,0,0,120943,0,0,0,0,0,0,0,0,0,0,0,0,0,-73.77427523,42.63331662,12209,28
642,-73.7727472,-73.76969116,42.63444077,42.63219247,0,0,54411,0,0,0,0,0,0,0,0,0,0,0,0,0,-73.77121918,42.63331662,12202,13
643,-73.76969116,-73.76663511,42.63444077,42.63219247,0,0,93210,0,0,0,0,0,0,0,0,0,0,0,0,0,-73.76816313,42.63331662,12202,13
644,-73.76663511,-73.76357906,42.63444077,42.63219247,0,0,177261,0,0,0,0,0,0,0,0,0,0,0,0,0,-73.76510709,42.63331662,12202,13
645,-73.76357906,-73.76052302,42.63444077,42.63219247,0,0,202965,0,0,0,0,0,0,0,0,0,0,0,0,0,-73.76205104,42.63331662,12202,13
646,-73.76052302,-73.75746697,42.63444077,42.63219247,0,0,0,0,0,0,0,0,0,0,0,0,0,0,0,0,-73.75899499,42.63331662,12202,13
647,-73.75746697,-73.75441092,42.63444077,42.63219247,0,0,12735,0,0,0,0,0,0,0,0,0,0,0,0,0,-73.75593895,42.63331662,12202,13
648,-73.75441092,-73.75135488,42.63444077,42.63219247,0,0,0,0,0,0,0,0,0,0,0,0,0,0,0,0,-73.7528829,42.63331662,12202,13
649,-73.75135488,-73.74829883,42.63444077,42.63219247,0,0,0,0,0,0,0,0,0,0,1,0,0,0,0,0,-73.74982685,42.63331662,12202,13
650,-73.74829883,-73.74524278,42.63444077,42.63219247,0,0,0,0,0,0,0,0,4,0,0,0,4,0,0,0,-73.7467708,42.63331662,12202,13
651,-73.8247,-73.82164406,42.63219247,42.62994417,0,0,0,0,0,0,0,0,0,0,0,0,0,0,0,0,-73.82317203,42.63106832,12208,108
652,-73.82164406,-73.81858813,42.63219247,42.62994417,0,0,0,0,0,0,0,0,0,0,0,0,0,0,0,0,-73.8201161,42.63106832,12209,28
653,-73.81858813,-73.81553219,42.63219247,42.62994417,0,0,3480,0,0,0,0,0,0,0,0,0,0,0,0,0,-73.81706016,42.63106832,12209,28
654,-73.81553219,-73.81247625,42.63219247,42.62994417,0,0,0,0,0,0,0,0,0,0,0,0,0,1,0,0,-73.81400422,42.63106832,12209,28
655,-73.81247625,-73.80942032,42.63219247,42.62994417,0,0,0,0,0,0,0,0,0,0,0,0,0,0,0,0,-73.81094829,42.63106832,12209,28
656,-73.80942032,-73.80636438,42.63219247,42.62994417,0,0,4796,0,0,0,0,0,0,0,0,0,0,0,0,0,-73.80789235,42.63106832,12209,28
657,-73.80636438,-73.80330844,42.63219247,42.62994417,0,0,4796,0,0,0,0,0,0,0,0,1,1,0,0,0,-73.80483641,42.63106832,12209,28
658,-73.80330844,-73.80025251,42.63219247,42.62994417,0,0,0,0,0,0,0,0,0,0,0,0,0,0,0,0,-73.80178048,42.63106832,12209,28
659,-73.80025251,-73.79719657,42.63219247,42.62994417,0,0,0,0,0,0,0,0,0,0,0,0,0,0,0,0,-73.79872454,42.63106832,12209,28
660,-73.79719657,-73.79414064,42.63219247,42.62994417,0,0,0,0,0,0,0,0,0,0,0,0,0,0,0,0,-73.7956686,42.63106832,12209,28
661,-73.79414064,-73.7910847,42.63219247,42.62994417,0,0,0,0,0,0,0,0,0,0,0,0,0,0,0,0,-73.79261267,42.63106832,12209,28
662,-73.7910847,-73.78802876,42.63219247,42.62994417,0,0,0,0,0,0,0,0,0,0,0,0,0,0,0,0,-73.78955673,42.63106832,12209,28
663,-73.78802876,-73.78497283,42.63219247,42.62994417,0,0,0,0,0,0,0,0,0,0,0,0,0,0,0,0,-73.78650079,42.63106832,12209,28
664,-73.78497283,-73.78191689,42.63219247,42.62994417,0,0,26317,0,0,0,0,0,0,0,0,0,0,0,0,0,-73.78344486,42.63106832,12209,28
665,-73.78191689,-73.77886095,42.63219247,42.62994417,0,0,169804,0,0,0,0,0,0,0,0,0,0,0,0,0,-73.78038892,42.63106832,12209,28
666,-73.77886095,-73.77580502,42.63219247,42.62994417,0,0,72199,0,0,0,0,0,0,0,2,0,0,0,0,0,-73.77733298,42.63106832,12209,28
667,-73.77580502,-73.77274908,42.63219247,42.62994417,0,0,86450,0,0,0,0,0,0,0,0,0,0,0,0,0,-73.77427705,42.63106832,12209,28
668,-73.77274908,-73.76969314,42.63219247,42.62994417,6112,0,1146,0,0,0,0,0,2,0,0,0,0,0,0,0,-73.77122111,42.63106832,12202,13
669,-73.76969314,-73.76663721,42.63219247,42.62994417,0,0,1146,0,0,0,0,0,0,0,0,0,0,0,0,0,-73.76816518,42.63106832,12202,13
670,-73.76663721,-73.76358127,42.63219247,42.62994417,0,0,86220,0,0,0,0,0,1,0,0,0,0,0,0,0,-73.76510924,42.63106832,12202,13
671,-73.76358127,-73.76052533,42.63219247,42.62994417,0,0,0,0,0,0,0,0,0,0,0,0,0,0,0,0,-73.7620533,42.63106832,12202,13
672,-73.76052533,-73.7574694,42.63219247,42.62994417,0,0,0,0,0,0,0,0,0,0,0,0,0,0,0,0,-73.75899737,42.63106832,12202,13
673,-73.7574694,-73.75441346,42.63219247,42.62994417,1086,0,0,0,0,0,0,0,0,0,0,0,0,0,0,0,-73.75594143,42.63106832,12202,13
674,-73.75441346,-73.75135752,42.63219247,42.62994417,0,0,0,0,0,0,0,0,0,0,0,0,0,0,0,0,-73.75288549,42.63106832,12202,13
675,-73.75135752,-73.74830159,42.63219247,42.62994417,0,0,0,0,0,0,0,0,0,0,0,0,0,0,0,0,-73.74982956,42.63106832,12202,13
676,-73.74830159,-73.74524565,42.63219247,42.62994417,0,0,0,0,0,0,0,0,0,0,0,0,0,0,0,0,-73.74677362,42.63106832,12202,13
