Left Longitude Bound,Right Longitude Bound,Top Latitude Bound,Bottom Latitude Bound,Summed AADT,Number of Chargers,Proper AADT,Education,Entertainment,Financial,Food Store,Healthcare,Leisure,Outdoor Shops,Public Buildings,Shops,Sustenance,Tourism,Transportation
-73.8247,-73.82164129975071,42.6884,42.686151698836554,0.0,0,0.0,0,2,0,0,0,0,0,1,0,1,1,0
-73.82164129975071,-73.81858259950143,42.6884,42.686151698836554,0.0,0,0.0,0,0,0,0,0,0,0,1,0,1,0,0
-73.81858259950143,-73.81552389925213,42.6884,42.686151698836554,0.0,0,27396.0,0,0,0,0,0,1,0,0,0,0,0,0
-73.81552389925213,-73.81246519900283,42.6884,42.686151698836554,0.0,0,98597.0,0,0,0,0,0,0,0,0,0,0,3,2
-73.81246519900283,-73.80940649875353,42.6884,42.686151698836554,0.0,0,,0,0,0,0,0,0,0,0,0,0,0,0
-73.80940649875353,-73.80634779850425,42.6884,42.686151698836554,58936.666666666664,0,,0,0,0,0,0,0,0,0,0,0,0,0
-73.80634779850425,-73.80328909825496,42.6884,42.686151698836554,0.0,0,,0,0,0,0,0,0,0,0,0,0,0,0
-73.80328909825496,-73.80023039800567,42.6884,42.686151698836554,0.0,0,,0,0,0,0,0,0,0,0,0,0,0,0
-73.80023039800567,-73.79717169775637,42.6884,42.686151698836554,0.0,0,,0,0,0,0,0,0,0,0,0,0,0,0
-73.79717169775637,-73.79411299750707,42.6884,42.686151698836554,0.0,0,82626.0,0,0,0,0,0,0,0,0,0,0,0,0
-73.79411299750707,-73.79105429725779,42.6884,42.686151698836554,0.0,0,76210.0,0,0,0,0,0,4,0,0,0,0,0,0
-73.79105429725779,-73.7879955970085,42.6884,42.686151698836554,0.0,0,0.0,0,0,0,0,0,0,0,0,0,0,0,0
-73.7879955970085,-73.78493689675922,42.6884,42.686151698836554,0.0,0,0.0,0,0,0,0,0,0,0,0,0,0,0,0
-73.78493689675922,-73.78187819650992,42.6884,42.686151698836554,0.0,0,0.0,0,0,0,0,0,1,0,0,0,0,0,0
-73.78187819650992,-73.77881949626062,42.6884,42.686151698836554,0.0,0,47483.0,0,0,0,0,0,0,0,0,0,0,0,0
-73.77881949626062,-73.77576079601133,42.6884,42.686151698836554,0.0,0,0.0,0,0,0,0,0,0,0,0,0,0,0,0
-73.77576079601133,-73.77270209576204,42.6884,42.686151698836554,0.0,0,0.0,0,0,0,0,0,0,0,0,0,0,0,0
-73.77270209576204,-73.76964339551276,42.6884,42.686151698836554,0.0,0,6136.0,0,0,0,0,0,0,0,0,0,0,0,0
-73.76964339551276,-73.76658469526346,42.6884,42.686151698836554,0.0,0,6136.0,0,0,0,0,0,0,0,0,0,0,0,0
-73.76658469526346,-73.76352599501416,42.6884,42.686151698836554,0.0,0,0.0,0,0,0,0,0,0,0,0,0,0,0,0
-73.76352599501416,-73.76046729476487,42.6884,42.686151698836554,0.0,0,3232.0,0,0,0,0,0,1,0,0,0,0,0,0
-73.76046729476487,-73.75740859451558,42.6884,42.686151698836554,0.0,0,0.0,0,0,0,0,0,2,0,0,0,0,0,0
-73.75740859451558,-73.7543498942663,42.6884,42.686151698836554,0.0,0,0.0,0,0,0,0,0,1,0,0,0,0,0,0
-73.7543498942663,-73.751291194017,42.6884,42.686151698836554,0.0,0,21515.0,0,0,0,0,0,1,0,0,0,0,0,0
-73.751291194017,-73.7482324937677,42.6884,42.686151698836554,0.0,0,0.0,0,0,0,0,0,5,0,0,0,0,0,0
-73.7482324937677,-73.7451737935184,42.6884,42.686151698836554,0.0,0,0.0,0,0,0,0,0,6,0,0,0,0,0,0
-73.8247,-73.82164141045452,42.686151698836554,42.68390339767312,0.0,0,0.0,3,8,0,0,0,0,0,0,0,6,0,0
-73.82164141045452,-73.81858282090901,42.686151698836554,42.68390339767312,0.0,0,0.0,0,0,0,0,0,0,0,0,0,0,0,0
-73.81858282090901,-73.81552423136353,42.686151698836554,42.68390339767312,0.0,0,0.0,0,0,0,0,0,1,0,0,0,0,0,0
-73.81552423136353,-73.81246564181802,42.686151698836554,42.68390339767312,1188.0,0,65918.0,0,0,0,0,0,0,0,0,0,0,0,0
-73.81246564181802,-73.80940705227253,42.686151698836554,42.68390339767312,0.0,0,,0,0,0,0,0,0,0,0,0,0,0,0
-73.80940705227253,-73.80634846272703,42.686151698836554,42.68390339767312,0.0,0,98288.0,0,0,1,0,0,1,0,0,0,0,0,0
-73.80634846272703,-73.80328987318154,42.686151698836554,42.68390339767312,0.0,1,17791.0,0,0,0,0,0,0,0,0,0,0,0,0
-73.80328987318154,-73.80023128363605,42.686151698836554,42.68390339767312,0.0,0,,0,0,0,0,0,0,0,0,0,0,0,0
-73.80023128363605,-73.79717269409056,42.686151698836554,42.68390339767312,0.0,0,128.0,0,0,0,0,0,1,0,0,0,0,0,0
-73.79717269409056,-73.79411410454507,42.686151698836554,42.68390339767312,0.0,0,6544.0,0,0,1,0,1,0,0,0,1,5,0,0
-73.79411410454507,-73.79105551499957,42.686151698836554,42.68390339767312,0.0,0,76210.0,0,0,0,0,0,0,1,0,1,0,0,0
-73.79105551499957,-73.78799692545408,42.686151698836554,42.68390339767312,0.0,0,85303.0,0,0,0,0,0,0,0,0,0,0,0,0
-73.78799692545408,-73.78493833590858,42.686151698836554,42.68390339767312,0.0,0,0.0,0,0,0,0,0,0,0,0,0,0,0,0
-73.78493833590858,-73.78187974636309,42.686151698836554,42.68390339767312,0.0,0,19240.0,0,0,0,0,0,0,0,1,0,0,0,1
-73.78187974636309,-73.77882115681759,42.686151698836554,42.68390339767312,0.0,0,0.0,0,0,0,0,0,0,0,0,0,0,0,0
-73.77882115681759,-73.7757625672721,42.686151698836554,42.68390339767312,0.0,0,0.0,0,0,0,0,0,0,0,0,0,0,0,0
-73.7757625672721,-73.7727039777266,42.686151698836554,42.68390339767312,0.0,0,0.0,0,0,0,0,0,0,0,0,0,0,0,0
-73.7727039777266,-73.7696453881811,42.686151698836554,42.68390339767312,0.0,0,98581.0,0,0,0,0,0,0,0,0,0,0,0,0
-73.7696453881811,-73.7665867986356,42.686151698836554,42.68390339767312,0.0,1,6136.0,0,0,0,0,0,0,0,0,0,0,0,0
-73.7665867986356,-73.76352820909011,42.686151698836554,42.68390339767312,0.0,4,6136.0,0,0,0,0,0,0,0,0,0,0,0,0
-73.76352820909011,-73.76046961954461,42.686151698836554,42.68390339767312,0.0,0,0.0,0,0,0,0,0,2,0,0,0,0,0,0
-73.76046961954461,-73.75741102999912,42.686151698836554,42.68390339767312,0.0,0,3232.0,0,0,0,0,0,2,0,0,0,0,0,0
-73.75741102999912,-73.75435244045362,42.686151698836554,42.68390339767312,0.0,0,0.0,0,0,0,0,0,2,0,0,0,0,0,0
-73.75435244045362,-73.75129385090813,42.686151698836554,42.68390339767312,0.0,0,21515.0,0,0,0,0,0,4,0,0,0,0,0,0
-73.75129385090813,-73.74823526136262,42.686151698836554,42.68390339767312,0.0,0,0.0,0,0,0,0,0,2,0,0,0,0,0,0
-73.74823526136262,-73.74517667181713,42.686151698836554,42.68390339767312,0.0,0,0.0,0,0,0,0,0,2,0,0,0,0,0,0
-73.8247,-73.82164152114558,42.68390339767312,42.68165509650969,0.0,1,0.0,0,0,0,0,0,0,0,0,0,2,0,0
-73.82164152114558,-73.81858304229114,42.68390339767312,42.68165509650969,0.0,0,0.0,0,0,0,0,0,0,0,0,0,0,0,0
-73.81858304229114,-73.81552456343671,42.68390339767312,42.68165509650969,0.0,0,27398.0,0,0,0,0,0,0,0,0,0,0,0,0
-73.81552456343671,-73.81246608458228,42.68390339767312,42.68165509650969,0.0,0,27719.0,0,0,0,0,0,0,0,0,0,0,0,0
-73.81246608458228,-73.80940760572784,42.68390339767312,42.68165509650969,0.0,0,33077.0,0,1,0,0,0,1,0,0,0,0,0,0
-73.80940760572784,-73.80634912687341,42.68390339767312,42.68165509650969,0.0,0,120521.0,0,0,1,0,0,0,0,0,0,0,0,1
-73.80634912687341,-73.80329064801899,42.68390339767312,42.68165509650969,0.0,0,0.0,0,0,0,0,0,1,0,0,0,0,0,2
-73.80329064801899,-73.80023216916456,42.68390339767312,42.68165509650969,0.0,0,79528.0,0,0,0,0,0,0,0,0,0,0,0,0
-73.80023216916456,-73.79717369031013,42.68390339767312,42.68165509650969,0.0,0,128.0,1,0,0,0,0,5,0,0,0,0,0,0
-73.79717369031013,-73.79411521145569,42.68390339767312,42.68165509650969,0.0,0,0.0,0,0,0,0,0,5,0,0,0,1,0,0
-73.79411521145569,-73.79105673260126,42.68390339767312,42.68165509650969,0.0,0,6416.0,0,0,1,0,0,0,1,0,0,0,0,0
-73.79105673260126,-73.78799825374684,42.68390339767312,42.68165509650969,0.0,0,80171.0,0,0,0,1,0,0,0,0,0,0,0,0
-73.78799825374684,-73.78493977489241,42.68390339767312,42.68165509650969,0.0,0,323311.0,0,0,0,0,0,0,0,0,0,0,0,0
-73.78493977489241,-73.78188129603798,42.68390339767312,42.68165509650969,0.0,0,230679.0,0,0,0,0,0,0,0,0,0,0,0,0
-73.78188129603798,-73.77882281718355,42.68390339767312,42.68165509650969,0.0,0,216694.0,0,0,0,0,0,0,0,0,0,0,0,0
-73.77882281718355,-73.77576433832913,42.68390339767312,42.68165509650969,0.0,0,0.0,0,0,0,0,0,0,0,0,0,0,0,0
-73.77576433832913,-73.77270585947468,42.68390339767312,42.68165509650969,0.0,0,81033.0,0,0,0,0,0,0,0,0,0,0,0,0
-73.77270585947468,-73.76964738062026,42.68390339767312,42.68165509650969,0.0,0,73902.0,0,0,0,0,0,0,0,0,0,0,0,0
-73.76964738062026,-73.76658890176583,42.68390339767312,42.68165509650969,0.0,4,0.0,0,0,0,0,0,0,0,0,0,0,0,0
-73.76658890176583,-73.7635304229114,42.68390339767312,42.68165509650969,0.0,1,6136.0,0,0,0,0,0,0,0,0,0,0,0,0
-73.7635304229114,-73.76047194405697,42.68390339767312,42.68165509650969,0.0,0,0.0,0,0,0,0,0,1,0,0,0,0,0,0
-73.76047194405697,-73.75741346520253,42.68390339767312,42.68165509650969,5923.333333333333,0,21990.0,0,0,0,0,1,0,0,0,0,0,0,0
-73.75741346520253,-73.7543549863481,42.68390339767312,42.68165509650969,0.0,0,0.0,0,0,0,0,0,0,0,0,0,0,0,0
-73.7543549863481,-73.75129650749368,42.68390339767312,42.68165509650969,0.0,0,21515.0,0,0,0,0,0,3,0,0,0,0,0,0
-73.75129650749368,-73.74823802863925,42.68390339767312,42.68165509650969,0.0,0,21515.0,0,0,0,0,0,2,0,0,0,0,0,0
-73.74823802863925,-73.74517954978482,42.68390339767312,42.68165509650969,0.0,0,0.0,0,0,0,0,0,3,0,0,0,0,0,0
-73.8247,-73.82164163182394,42.68165509650969,42.679406795346246,0.0,0,0.0,0,0,0,0,0,0,0,0,0,0,0,0
-73.82164163182394,-73.81858326364787,42.68165509650969,42.679406795346246,0.0,0,0.0,0,0,0,0,0,1,0,1,0,0,0,0
-73.81858326364787,-73.81552489547178,42.68165509650969,42.679406795346246,0.0,0,27398.0,0,0,0,0,0,0,0,0,0,0,0,0
-73.81552489547178,-73.81246652729571,42.68165509650969,42.679406795346246,0.0,0,0.0,0,0,0,0,0,0,0,0,0,0,0,0
-73.81246652729571,-73.80940815911963,42.68165509650969,42.679406795346246,0.0,0,0.0,0,4,0,0,0,3,0,0,0,0,0,0
-73.80940815911963,-73.80634979094354,42.68165509650969,42.679406795346246,0.0,0,67709.0,0,0,0,0,0,0,0,0,0,0,0,0
-73.80634979094354,-73.80329142276747,42.68165509650969,42.679406795346246,0.0,0,57879.0,0,0,0,0,0,0,0,0,0,0,0,0
-73.80329142276747,-73.80023305459139,42.68165509650969,42.679406795346246,0.0,0,142105.0,0,0,0,0,0,0,0,0,0,0,0,0
-73.80023305459139,-73.79717468641532,42.68165509650969,42.679406795346246,0.0,0,11819.0,0,0,0,0,0,2,0,0,0,0,0,0
-73.79717468641532,-73.79411631823923,42.68165509650969,42.679406795346246,0.0,0,14964.0,0,0,0,0,0,2,0,1,0,0,0,0
-73.79411631823923,-73.79105795006315,42.68165509650969,42.679406795346246,0.0,0,48880.0,0,0,1,4,0,0,1,0,1,1,0,2
-73.79105795006315,-73.78799958188708,42.68165509650969,42.679406795346246,0.0,1,27500.0,1,0,0,0,1,0,1,2,0,5,0,2
-73.78799958188708,-73.784941213711,42.68165509650969,42.679406795346246,0.0,0,224179.0,0,0,0,0,0,0,1,0,0,0,0,0
-73.784941213711,-73.78188284553492,42.68165509650969,42.679406795346246,0.0,0,29594.0,0,0,0,0,0,1,0,1,0,0,1,0
-73.78188284553492,-73.77882447735885,42.68165509650969,42.679406795346246,0.0,0,0.0,0,0,0,0,0,0,0,0,0,0,0,0
-73.77882447735885,-73.77576610918277,42.68165509650969,42.679406795346246,70138.0,0,29664.0,0,0,0,0,0,0,0,0,0,0,0,0
-73.77576610918277,-73.7727077410067,42.68165509650969,42.679406795346246,0.0,0,150004.0,0,0,0,0,0,0,0,0,0,0,0,0
-73.7727077410067,-73.76964937283061,42.68165509650969,42.679406795346246,0.0,0,110776.0,0,0,0,0,0,0,0,0,0,0,0,0
-73.76964937283061,-73.76659100465453,42.68165509650969,42.679406795346246,0.0,5,50719.0,0,0,0,0,0,0,0,0,0,0,0,0
-73.76659100465453,-73.76353263647846,42.68165509650969,42.679406795346246,0.0,0,10536.0,0,0,1,0,0,0,0,0,0,0,0,0
-73.76353263647846,-73.76047426830237,42.68165509650969,42.679406795346246,2828.6666666666665,0,4400.0,0,0,0,0,0,0,0,0,0,0,0,0
-73.76047426830237,-73.7574159001263,42.68165509650969,42.679406795346246,0.0,0,18758.0,0,0,0,0,0,0,0,0,0,0,0,0
-73.7574159001263,-73.75435753195022,42.68165509650969,42.679406795346246,0.0,0,0.0,0,0,0,0,0,0,0,2,0,0,0,0
-73.75435753195022,-73.75129916377414,42.68165509650969,42.679406795346246,0.0,0,0.0,0,0,0,0,0,3,0,0,0,0,0,0
-73.75129916377414,-73.74824079559806,42.68165509650969,42.679406795346246,0.0,0,21515.0,0,0,0,0,0,0,0,0,0,0,0,0
-73.74824079559806,-73.74518242742198,42.68165509650969,42.679406795346246,0.0,0,0.0,0,0,0,0,0,4,0,0,0,0,0,0
-73.8247,-73.82164174248956,42.679406795346246,42.677158494182805,0.0,0,0.0,0,0,0,0,0,2,0,0,0,4,0,0
-73.82164174248956,-73.81858348497911,42.679406795346246,42.677158494182805,0.0,0,0.0,0,0,0,0,0,0,0,0,0,0,0,0
-73.81858348497911,-73.81552522746867,42.679406795346246,42.677158494182805,0.0,0,27398.0,0,0,0,0,0,0,0,0,0,0,0,0
-73.81552522746867,-73.81246696995822,42.679406795346246,42.677158494182805,0.0,0,27398.0,0,0,0,0,0,0,0,0,0,0,0,0
-73.81246696995822,-73.80940871244778,42.679406795346246,42.677158494182805,0.0,0,0.0,0,0,0,0,0,1,0,0,0,0,0,0
-73.80940871244778,-73.80635045493733,42.679406795346246,42.677158494182805,0.0,0,0.0,0,2,0,0,0,2,0,0,0,0,0,0
-73.80635045493733,-73.80329219742688,42.679406795346246,42.677158494182805,0.0,0,5681.0,0,0,0,0,0,0,0,0,0,0,0,0
-73.80329219742688,-73.80023393991644,42.679406795346246,42.677158494182805,1393.0,0,151131.0,0,0,0,0,0,0,0,0,0,0,0,0
-73.80023393991644,-73.79717568240599,42.679406795346246,42.677158494182805,0.0,0,25718.0,0,0,0,0,0,0,0,0,0,0,0,0
-73.79717568240599,-73.79411742489555,42.679406795346246,42.677158494182805,0.0,0,51698.0,0,0,0,0,1,0,0,1,0,1,0,0
-73.79411742489555,-73.7910591673851,42.679406795346246,42.677158494182805,0.0,0,0.0,0,0,0,0,0,0,0,0,0,0,0,0
-73.7910591673851,-73.78800090987465,42.679406795346246,42.677158494182805,0.0,1,0.0,0,0,1,1,0,0,0,1,5,1,0,2
-73.78800090987465,-73.78494265236421,42.679406795346246,42.677158494182805,0.0,0,103411.0,0,0,0,0,0,0,1,0,0,0,0,0
-73.78494265236421,-73.78188439485376,42.679406795346246,42.677158494182805,0.0,1,7876.0,0,0,0,1,0,0,0,0,0,0,1,0
-73.78188439485376,-73.77882613734332,42.679406795346246,42.677158494182805,0.0,2,80242.0,1,0,0,1,0,0,0,3,0,0,0,0
-73.77882613734332,-73.77576787983287,42.679406795346246,42.677158494182805,3026.6666666666665,0,0.0,0,0,0,0,0,0,0,0,0,0,0,0
-73.77576787983287,-73.77270962232242,42.679406795346246,42.677158494182805,0.0,0,0.0,0,0,0,0,0,0,0,0,0,0,0,0
-73.77270962232242,-73.76965136481198,42.679406795346246,42.677158494182805,0.0,0,60057.0,0,0,0,0,0,0,0,0,0,0,0,0
-73.76965136481198,-73.76659310730153,42.679406795346246,42.677158494182805,0.0,0,54422.0,0,0,0,0,0,0,0,0,0,0,0,0
-73.76659310730153,-73.76353484979109,42.679406795346246,42.677158494182805,0.0,0,54422.0,0,0,0,0,0,0,0,0,0,0,0,0
-73.76353484979109,-73.76047659228064,42.679406795346246,42.677158494182805,0.0,0,0.0,0,0,0,0,0,1,0,0,0,0,0,0
-73.76047659228064,-73.7574183347702,42.679406795346246,42.677158494182805,0.0,0,0.0,0,0,0,0,0,0,0,0,0,0,0,0
-73.7574183347702,-73.75436007725975,42.679406795346246,42.677158494182805,0.0,0,14358.0,0,0,0,0,0,0,0,0,0,0,0,0
-73.75436007725975,-73.7513018197493,42.679406795346246,42.677158494182805,0.0,0,0.0,0,0,0,0,0,0,0,0,0,0,0,0
-73.7513018197493,-73.74824356223886,42.679406795346246,42.677158494182805,0.0,0,47767.0,0,0,0,0,0,0,0,0,0,0,0,0
-73.74824356223886,-73.74518530472841,42.679406795346246,42.677158494182805,0.0,0,0.0,0,0,0,0,0,6,0,0,0,1,0,0
-73.8247,-73.82164185314247,42.677158494182805,42.674910193019365,0.0,0,57507.0,0,0,0,0,2,0,0,0,0,1,0,0
-73.82164185314247,-73.81858370628494,42.677158494182805,42.674910193019365,0.0,0,47062.0,0,0,0,0,0,0,0,1,1,0,0,0
-73.81858370628494,-73.81552555942741,42.677158494182805,42.674910193019365,0.0,0,0.0,0,0,0,0,0,0,0,0,0,0,0,0
-73.81552555942741,-73.81246741256987,42.677158494182805,42.674910193019365,0.0,0,21717.0,0,0,0,0,0,0,0,0,0,0,0,0
-73.81246741256987,-73.80940926571233,42.677158494182805,42.674910193019365,0.0,0,83803.0,0,0,0,0,0,0,0,0,0,0,0,0
-73.80940926571233,-73.80635111885479,42.677158494182805,42.674910193019365,0.0,0,5681.0,0,0,0,0,0,0,0,0,0,0,0,0
-73.80635111885479,-73.80329297199727,42.677158494182805,42.674910193019365,0.0,0,29994.0,0,0,0,0,0,0,0,0,0,0,0,0
-73.80329297199727,-73.80023482513974,42.677158494182805,42.674910193019365,6378.0,0,81151.0,0,0,0,0,0,5,0,2,0,0,0,0
-73.80023482513974,-73.7971766782822,42.677158494182805,42.674910193019365,0.0,0,40616.0,0,0,0,0,0,0,0,1,0,0,0,0
-73.7971766782822,-73.79411853142466,42.677158494182805,42.674910193019365,0.0,0,29969.0,0,0,0,0,0,0,0,0,1,0,0,0
-73.79411853142466,-73.79106038456712,42.677158494182805,42.674910193019365,0.0,0,26197.0,0,0,0,0,0,0,0,1,0,0,0,0
-73.79106038456712,-73.78800223770958,42.677158494182805,42.674910193019365,1872.6666666666667,0,24915.0,0,0,0,0,0,0,0,1,0,0,0,0
-73.78800223770958,-73.78494409085205,42.677158494182805,42.674910193019365,0.0,1,59489.0,0,0,0,1,0,0,2,0,0,1,0,0
-73.78494409085205,-73.78188594399451,42.677158494182805,42.674910193019365,0.0,0,67365.0,1,0,0,1,0,1,0,0,0,1,0,0
-73.78188594399451,-73.77882779713697,42.677158494182805,42.674910193019365,0.0,0,0.0,0,0,0,0,0,0,0,0,0,0,0,0
-73.77882779713697,-73.77576965027943,42.677158494182805,42.674910193019365,0.0,0,85137.0,0,0,0,0,0,0,0,0,0,0,0,0
-73.77576965027943,-73.7727115034219,42.677158494182805,42.674910193019365,0.0,0,85137.0,0,1,0,0,0,0,0,0,0,0,0,0
-73.7727115034219,-73.76965335656438,42.677158494182805,42.674910193019365,0.0,0,0.0,0,0,0,0,0,0,0,0,0,0,0,0
-73.76965335656438,-73.76659520970685,42.677158494182805,42.674910193019365,0.0,0,0.0,0,0,0,0,0,0,0,0,0,0,0,0
-73.76659520970685,-73.76353706284931,42.677158494182805,42.674910193019365,0.0,0,32862.0,0,0,0,0,0,0,0,0,0,0,0,0
-73.76353706284931,-73.76047891599177,42.677158494182805,42.674910193019365,69644.0,0,43010.0,0,0,0,0,0,0,0,0,0,0,0,0
-73.76047891599177,-73.75742076913423,42.677158494182805,42.674910193019365,0.0,0,6445.0,0,0,0,0,0,0,0,0,0,0,0,0
-73.75742076913423,-73.7543626222767,42.677158494182805,42.674910193019365,0.0,0,14454.0,0,0,0,0,0,0,0,0,0,0,0,0
-73.7543626222767,-73.75130447541918,42.677158494182805,42.674910193019365,0.0,0,14358.0,0,0,0,0,0,0,0,0,0,0,0,0
-73.75130447541918,-73.74824632856163,42.677158494182805,42.674910193019365,0.0,0,11421.0,0,0,1,0,0,0,0,0,0,4,0,1
-73.74824632856163,-73.7451881817041,42.677158494182805,42.674910193019365,0.0,0,99603.0,0,0,0,0,0,0,0,0,0,0,0,0
-73.8247,-73.82164196378267,42.674910193019365,42.672661891855924,0.0,0,9408.0,0,0,0,0,0,0,0,0,0,0,0,0
-73.82164196378267,-73.81858392756534,42.674910193019365,42.672661891855924,0.0,0,0.0,0,0,0,0,0,0,0,0,0,0,0,0
-73.81858392756534,-73.81552589134802,42.674910193019365,42.672661891855924,0.0,0,77083.0,2,0,0,1,0,2,0,1,0,0,0,0
-73.81552589134802,-73.81246785513069,42.674910193019365,42.672661891855924,0.0,0,103467.0,0,0,0,0,0,0,0,0,0,0,0,1
-73.81246785513069,-73.80940981891337,42.674910193019365,42.672661891855924,0.0,0,103467.0,0,0,0,0,0,0,0,0,0,0,0,0
-73.80940981891337,-73.80635178269604,42.674910193019365,42.672661891855924,0.0,0,93202.0,0,0,0,0,0,0,0,0,0,0,0,0
-73.80635178269604,-73.80329374647872,42.674910193019365,42.672661891855924,0.0,0,125014.0,0,0,0,0,0,0,0,0,0,0,0,0
-73.80329374647872,-73.80023571026138,42.674910193019365,42.672661891855924,578.6666666666666,0,18660.0,0,0,0,0,0,0,0,0,0,0,0,0
-73.80023571026138,-73.79717767404404,42.674910193019365,42.672661891855924,0.0,0,18660.0,0,0,0,0,0,0,0,0,0,0,0,0
-73.79717767404404,-73.7941196378267,42.674910193019365,42.672661891855924,0.0,0,29969.0,0,0,0,0,0,0,0,0,0,0,0,0
-73.7941196378267,-73.79106160160936,42.674910193019365,42.672661891855924,0.0,0,8274.0,0,0,0,0,0,0,0,2,0,0,0,1
-73.79106160160936,-73.78800356539202,42.674910193019365,42.672661891855924,0.0,0,91403.0,0,0,0,0,0,1,0,0,0,0,0,0
-73.78800356539202,-73.78494552917469,42.674910193019365,42.672661891855924,0.0,0,62670.0,0,0,0,0,0,0,0,1,0,2,0,0
-73.78494552917469,-73.78188749295737,42.674910193019365,42.672661891855924,0.0,0,118044.0,0,0,0,0,0,0,0,2,0,1,0,2
-73.78188749295737,-73.77882945674004,42.674910193019365,42.672661891855924,0.0,0,0.0,1,0,0,0,0,6,0,0,0,0,0,0
-73.77882945674004,-73.77577142052272,42.674910193019365,42.672661891855924,0.0,0,66045.0,0,0,0,0,0,0,0,1,0,1,0,0
-73.77577142052272,-73.77271338430539,42.674910193019365,42.672661891855924,0.0,0,0.0,0,0,0,0,0,0,0,0,0,0,0,0
-73.77271338430539,-73.76965534808807,42.674910193019365,42.672661891855924,0.0,0,0.0,0,0,0,0,0,2,0,0,0,0,0,0
-73.76965534808807,-73.76659731187073,42.674910193019365,42.672661891855924,0.0,0,0.0,0,0,0,0,0,0,0,0,0,0,0,0
-73.76659731187073,-73.76353927565339,42.674910193019365,42.672661891855924,0.0,0,0.0,0,0,0,0,0,0,0,0,0,0,0,0
-73.76353927565339,-73.76048123943605,42.674910193019365,42.672661891855924,0.0,0,0.0,0,0,0,0,0,0,0,0,0,0,0,0
-73.76048123943605,-73.7574232032187,42.674910193019365,42.672661891855924,0.0,0,39403.0,0,0,0,0,0,0,0,0,0,0,0,0
-73.7574232032187,-73.75436516700137,42.674910193019365,42.672661891855924,0.0,0,0.0,0,0,0,0,0,0,0,0,0,0,0,0
-73.75436516700137,-73.75130713078403,42.674910193019365,42.672661891855924,0.0,0,19432.0,0,0,0,1,1,0,0,1,0,0,0,0
-73.75130713078403,-73.7482490945667,42.674910193019365,42.672661891855924,0.0,0,112726.0,0,0,0,0,1,0,0,1,0,0,0,1
-73.7482490945667,-73.74519105834938,42.674910193019365,42.672661891855924,0.0,0,130721.0,1,0,0,0,0,0,0,0,0,0,0,0
-73.8247,-73.82164207441016,42.672661891855924,42.67041359069249,0.0,0,30021.0,0,0,0,0,0,0,0,0,0,0,0,0
-73.82164207441016,-73.81858414882032,42.672661891855924,42.67041359069249,0.0,0,91645.0,0,0,0,0,0,0,0,0,0,0,0,0
-73.81858414882032,-73.81552622323046,42.672661891855924,42.67041359069249,0.0,0,61624.0,0,0,0,0,0,1,0,0,0,0,0,0
-73.81552622323046,-73.81246829764062,42.672661891855924,42.67041359069249,0.0,0,0.0,0,0,0,0,0,0,0,0,0,0,0,0
-73.81246829764062,-73.80941037205078,42.672661891855924,42.67041359069249,0.0,0,92419.0,0,0,0,0,0,0,0,1,0,0,0,0
-73.80941037205078,-73.80635244646093,42.672661891855924,42.67041359069249,0.0,0,233869.0,0,0,1,0,0,0,0,0,0,0,0,0
-73.80635244646093,-73.80329452087109,42.672661891855924,42.67041359069249,0.0,0,52949.0,1,0,0,0,0,2,0,1,0,0,0,0
-73.80329452087109,-73.80023659528125,42.672661891855924,42.67041359069249,0.0,0,29088.0,0,0,0,0,0,0,0,0,0,0,0,0
-73.80023659528125,-73.7971786696914,42.672661891855924,42.67041359069249,0.0,0,0.0,0,0,0,0,0,0,0,1,0,0,0,0
-73.7971786696914,-73.79412074410156,42.672661891855924,42.67041359069249,0.0,0,1282.0,0,0,0,0,0,0,0,0,0,0,0,0
-73.79412074410156,-73.79106281851172,42.672661891855924,42.67041359069249,0.0,0,9632.0,0,0,0,0,0,0,0,0,0,0,0,0
-73.79106281851172,-73.78800489292188,42.672661891855924,42.67041359069249,0.0,0,67815.0,0,0,0,0,0,0,0,1,0,0,0,0
-73.78800489292188,-73.78494696733202,42.672661891855924,42.67041359069249,0.0,0,123627.0,0,0,0,0,0,0,0,1,0,0,0,1
-73.78494696733202,-73.78188904174218,42.672661891855924,42.67041359069249,0.0,0,0.0,1,0,0,1,0,3,0,0,0,0,0,0
-73.78188904174218,-73.77883111615233,42.672661891855924,42.67041359069249,2135.3333333333335,0,135058.0,0,0,0,2,0,1,0,1,0,1,0,4
-73.77883111615233,-73.77577319056249,42.672661891855924,42.67041359069249,3036.6666666666665,0,29774.0,0,0,0,0,0,4,0,0,1,0,0,0
-73.77577319056249,-73.77271526497265,42.672661891855924,42.67041359069249,0.0,0,162215.0,0,0,0,0,0,2,0,0,0,0,0,0
-73.77271526497265,-73.7696573393828,42.672661891855924,42.67041359069249,0.0,0,192228.0,0,0,0,0,0,0,0,2,0,0,0,0
-73.7696573393828,-73.76659941379296,42.672661891855924,42.67041359069249,0.0,0,0.0,0,0,0,0,0,0,0,0,0,0,0,0
-73.76659941379296,-73.76354148820312,42.672661891855924,42.67041359069249,0.0,0,0.0,0,0,0,0,0,0,0,0,0,0,0,0
-73.76354148820312,-73.76048356261327,42.672661891855924,42.67041359069249,0.0,0,0.0,0,0,0,0,0,0,0,0,0,0,0,0
-73.76048356261327,-73.75742563702343,42.672661891855924,42.67041359069249,0.0,0,0.0,0,0,0,0,0,0,0,0,0,0,0,0
-73.75742563702343,-73.75436771143359,42.672661891855924,42.67041359069249,0.0,0,107665.0,0,0,0,0,0,0,0,0,0,0,0,0
-73.75436771143359,-73.75130978584374,42.672661891855924,42.67041359069249,4880.0,0,112739.0,0,0,0,0,0,0,0,1,0,0,1,1
-73.75130978584374,-73.7482518602539,42.672661891855924,42.67041359069249,0.0,0,27612.0,0,0,0,0,0,0,0,0,0,0,1,0
-73.7482518602539,-73.74519393466404,42.672661891855924,42.67041359069249,4134.0,0,148415.0,0,0,0,0,0,0,0,0,0,0,0,0
-73.8247,-73.82164218502493,42.67041359069249,42.66816528952906,0.0,0,63641.0,0,0,0,0,0,0,0,0,0,0,0,0
-73.82164218502493,-73.81858437004985,42.67041359069249,42.66816528952906,0.0,0,,0,0,0,0,0,0,0,0,0,0,0,0
-73.81858437004985,-73.81552655507477,42.67041359069249,42.66816528952906,0.0,0,,0,0,0,0,0,0,0,1,0,0,0,0
-73.81552655507477,-73.81246874009969,42.67041359069249,42.66816528952906,1752.6666666666667,0,61624.0,0,0,0,0,0,0,0,0,0,0,0,0
-73.81246874009969,-73.80941092512461,42.67041359069249,42.66816528952906,0.0,0,,0,0,0,0,0,0,0,0,0,0,0,0
-73.80941092512461,-73.80635311014954,42.67041359069249,42.66816528952906,0.0,0,59404.0,0,0,0,0,0,0,0,0,0,0,0,0
-73.80635311014954,-73.80329529517446,42.67041359069249,42.66816528952906,0.0,0,35065.0,0,0,0,0,0,0,0,0,0,0,0,0
-73.80329529517446,-73.8002374801994,42.67041359069249,42.66816528952906,0.0,0,45493.0,0,0,0,0,0,0,0,0,0,0,0,0
-73.8002374801994,-73.79717966522433,42.67041359069249,42.66816528952906,0.0,0,44492.0,0,0,0,0,0,0,0,0,0,0,0,1
-73.79717966522433,-73.79412185024925,42.67041359069249,42.66816528952906,0.0,0,10914.0,0,0,0,0,0,0,0,0,0,0,0,0
-73.79412185024925,-73.79106403527419,42.67041359069249,42.66816528952906,4660.0,0,9632.0,0,0,0,0,0,0,0,0,0,0,0,0
-73.79106403527419,-73.78800622029911,42.67041359069249,42.66816528952906,0.0,0,19412.0,0,0,0,0,0,0,0,0,0,0,0,4
-73.78800622029911,-73.78494840532404,42.67041359069249,42.66816528952906,0.0,0,53889.0,0,0,0,0,0,0,0,0,0,0,0,0
-73.78494840532404,-73.78189059034897,42.67041359069249,42.66816528952906,0.0,0,71067.0,0,0,0,0,0,2,0,0,0,0,0,0
-73.78189059034897,-73.7788327753739,42.67041359069249,42.66816528952906,0.0,0,0.0,1,0,0,0,0,0,0,0,0,0,0,0
-73.7788327753739,-73.77577496039882,42.67041359069249,42.66816528952906,0.0,0,46813.0,0,0,0,0,0,1,1,2,0,3,0,0
-73.77577496039882,-73.77271714542375,42.67041359069249,42.66816528952906,0.0,0,41567.0,1,0,0,0,0,4,0,0,0,0,0,2
-73.77271714542375,-73.76965933044868,42.67041359069249,42.66816528952906,0.0,0,,0,0,0,0,0,0,0,0,0,0,0,0
-73.76965933044868,-73.76660151547361,42.67041359069249,42.66816528952906,3332.6666666666665,0,,0,0,0,0,0,0,0,0,0,0,0,0
-73.76660151547361,-73.76354370049853,42.67041359069249,42.66816528952906,0.0,0,0.0,0,0,0,0,0,0,0,0,0,0,0,0
-73.76354370049853,-73.76048588552347,42.67041359069249,42.66816528952906,0.0,0,0.0,0,0,0,0,0,0,0,0,0,0,0,0
-73.76048588552347,-73.75742807054839,42.67041359069249,42.66816528952906,0.0,0,0.0,0,0,0,0,0,1,0,0,0,0,0,0
-73.75742807054839,-73.75437025557332,42.67041359069249,42.66816528952906,0.0,0,5074.0,1,0,0,0,0,1,0,0,0,0,0,0
-73.75437025557332,-73.75131244059824,42.67041359069249,42.66816528952906,0.0,0,118805.0,0,0,0,0,0,0,0,0,0,0,0,0
-73.75131244059824,-73.74825462562318,42.67041359069249,42.66816528952906,0.0,0,111487.0,0,0,0,0,0,0,0,0,0,0,0,0
-73.74825462562318,-73.7451968106481,42.67041359069249,42.66816528952906,0.0,0,,0,0,0,0,0,0,0,0,0,0,0,0
-73.8247,-73.82164229562699,42.66816528952906,42.665916988365616,0.0,0,19235.0,0,0,0,0,0,0,0,0,0,0,0,0
-73.82164229562699,-73.81858459125397,42.66816528952906,42.665916988365616,0.0,0,6620.0,0,0,0,0,0,0,0,0,0,0,0,0
-73.81858459125397,-73.81552688688095,42.66816528952906,42.665916988365616,0.0,0,0.0,0,0,0,0,0,0,0,0,0,0,0,0
-73.81552688688095,-73.81246918250793,42.66816528952906,42.665916988365616,0.0,0,178849.0,0,0,0,0,0,0,0,0,0,0,0,0
-73.81246918250793,-73.8094114781349,42.66816528952906,42.665916988365616,0.0,0,61624.0,0,0,0,0,0,0,0,0,0,0,0,0
-73.8094114781349,-73.80635377376188,42.66816528952906,42.665916988365616,0.0,0,7683.0,0,0,0,0,0,0,0,1,0,0,0,0
-73.80635377376188,-73.80329606938886,42.66816528952906,42.665916988365616,0.0,0,7683.0,0,0,0,0,0,0,0,0,0,0,0,0
-73.80329606938886,-73.80023836501586,42.66816528952906,42.665916988365616,0.0,0,15828.0,0,0,0,0,0,0,0,1,0,0,0,0
-73.80023836501586,-73.79718066064284,42.66816528952906,42.665916988365616,0.0,0,0.0,0,0,0,0,0,0,0,0,0,0,0,0
-73.79718066064284,-73.79412295626982,42.66816528952906,42.665916988365616,0.0,0,120530.0,1,0,0,0,0,1,0,0,0,0,0,0
-73.79412295626982,-73.79106525189681,42.66816528952906,42.665916988365616,0.0,0,,0,0,0,0,0,1,0,6,0,5,1,4
-73.79106525189681,-73.78800754752379,42.66816528952906,42.665916988365616,2634.0,0,26413.0,2,0,1,0,0,1,0,2,0,0,0,0
-73.78800754752379,-73.78494984315077,42.66816528952906,42.665916988365616,0.0,0,21203.0,0,0,0,0,0,2,0,0,0,0,0,0
-73.78494984315077,-73.78189213877776,42.66816528952906,42.665916988365616,0.0,0,0.0,2,0,0,0,0,2,0,0,0,0,0,0
-73.78189213877776,-73.77883443440474,42.66816528952906,42.665916988365616,0.0,0,36692.0,0,1,0,0,0,0,0,0,0,0,0,1
-73.77883443440474,-73.77577673003172,42.66816528952906,42.665916988365616,0.0,0,13354.0,0,0,0,0,0,1,0,0,0,0,0,0
-73.77577673003172,-73.77271902565872,42.66816528952906,42.665916988365616,0.0,0,55737.0,0,0,0,0,0,0,1,1,0,1,0,0
-73.77271902565872,-73.7696613212857,42.66816528952906,42.665916988365616,0.0,0,47661.0,0,0,0,1,0,1,0,0,0,0,0,0
-73.7696613212857,-73.76660361691269,42.66816528952906,42.665916988365616,0.0,0,,0,0,0,0,0,3,0,0,0,0,0,0
-73.76660361691269,-73.76354591253967,42.66816528952906,42.665916988365616,0.0,0,,0,0,0,0,0,0,0,0,0,0,0,2
-73.76354591253967,-73.76048820816665,42.66816528952906,42.665916988365616,0.0,0,36538.0,0,0,0,0,0,0,0,0,0,0,0,0
-73.76048820816665,-73.75743050379364,42.66816528952906,42.665916988365616,0.0,0,0.0,0,0,0,0,0,1,0,0,0,0,1,0
-73.75743050379364,-73.75437279942062,42.66816528952906,42.665916988365616,0.0,0,97727.0,0,0,0,0,0,0,0,0,0,0,0,0
-73.75437279942062,-73.7513150950476,42.66816528952906,42.665916988365616,0.0,0,56357.0,0,0,0,0,0,0,0,0,0,0,0,0
-73.7513150950476,-73.7482573906746,42.66816528952906,42.665916988365616,0.0,0,,0,0,0,0,0,0,0,0,0,0,0,0
-73.7482573906746,-73.74519968630158,42.66816528952906,42.665916988365616,0.0,0,0.0,0,0,0,0,0,0,0,0,0,0,0,0
-73.8247,-73.82164240621636,42.665916988365616,42.66366868720218,0.0,0,0.0,0,0,0,0,0,0,0,0,0,0,0,0
-73.82164240621636,-73.81858481243269,42.665916988365616,42.66366868720218,0.0,0,18250.0,0,0,0,0,0,0,0,0,0,0,0,0
-73.81858481243269,-73.81552721864904,42.665916988365616,42.66366868720218,20124.0,0,117225.0,0,0,0,0,0,0,0,0,0,0,0,0
-73.81552721864904,-73.81246962486537,42.665916988365616,42.66366868720218,0.0,0,106021.0,0,0,0,0,0,0,0,0,0,0,0,0
-73.81246962486537,-73.80941203108172,42.665916988365616,42.66366868720218,0.0,0,61624.0,0,0,0,0,0,0,0,0,0,0,0,0
-73.80941203108172,-73.80635443729807,42.665916988365616,42.66366868720218,0.0,0,69307.0,0,1,0,0,0,2,0,3,0,0,2,0
-73.80635443729807,-73.80329684351442,42.665916988365616,42.66366868720218,0.0,0,15828.0,0,0,0,0,0,0,0,0,0,0,0,0
-73.80329684351442,-73.80023924973077,42.665916988365616,42.66366868720218,0.0,0,0.0,0,0,0,0,0,0,0,0,0,0,0,0
-73.80023924973077,-73.79718165594711,42.665916988365616,42.66366868720218,0.0,0,53403.0,0,0,0,0,0,0,0,0,0,0,0,0
-73.79718165594711,-73.79412406216346,42.665916988365616,42.66366868720218,0.0,0,,0,0,0,0,0,0,0,1,0,0,0,0
-73.79412406216346,-73.7910664683798,42.665916988365616,42.66366868720218,1057.0,0,,0,1,1,0,0,0,0,2,0,0,0,0
-73.7910664683798,-73.78800887459614,42.665916988365616,42.66366868720218,0.0,1,103617.0,0,1,0,2,1,0,0,6,2,2,0,0
-73.78800887459614,-73.78495128081248,42.665916988365616,42.66366868720218,0.0,0,65879.0,3,0,0,0,0,5,0,2,1,0,0,1
-73.78495128081248,-73.78189368702883,42.665916988365616,42.66366868720218,0.0,0,5474.0,3,0,0,0,0,5,0,0,0,0,0,0
-73.78189368702883,-73.77883609324516,42.665916988365616,42.66366868720218,0.0,0,0.0,1,0,1,0,0,6,0,0,0,1,0,0
-73.77883609324516,-73.77577849946151,42.665916988365616,42.66366868720218,0.0,0,45616.0,0,0,0,1,0,1,0,0,1,0,0,0
-73.77577849946151,-73.77272090567786,42.665916988365616,42.66366868720218,0.0,0,104684.0,0,1,0,2,0,0,0,0,1,4,0,2
-73.77272090567786,-73.7696633118942,42.665916988365616,42.66366868720218,0.0,0,3846.0,1,0,0,1,0,0,0,0,0,1,0,0
-73.7696633118942,-73.76660571811055,42.665916988365616,42.66366868720218,0.0,0,30174.0,0,0,0,0,0,0,0,0,0,0,0,0
-73.76660571811055,-73.7635481243269,42.665916988365616,42.66366868720218,0.0,0,,0,0,0,0,0,0,0,0,0,0,0,0
-73.7635481243269,-73.76049053054325,42.665916988365616,42.66366868720218,0.0,0,45002.0,0,0,0,0,0,0,0,0,0,0,0,0
-73.76049053054325,-73.7574329367596,42.665916988365616,42.66366868720218,0.0,0,123892.0,0,0,0,0,0,1,0,0,0,0,1,1
-73.7574329367596,-73.75437534297595,42.665916988365616,42.66366868720218,1522.0,0,165927.0,0,0,0,0,0,0,0,0,0,0,0,0
-73.75437534297595,-73.75131774919228,42.665916988365616,42.66366868720218,0.0,0,17816.0,0,0,0,0,0,4,0,1,0,1,0,0
-73.75131774919228,-73.74826015540863,42.665916988365616,42.66366868720218,0.0,0,4683.0,0,0,0,0,0,0,0,0,0,0,0,0
-73.74826015540863,-73.74520256162496,42.665916988365616,42.66366868720218,0.0,0,23819.0,0,0,0,0,0,0,0,0,0,0,0,0
-73.8247,-73.82164251679299,42.66366868720218,42.66142038603874,0.0,0,18250.0,0,0,0,0,0,0,0,0,0,0,0,0
-73.82164251679299,-73.81858503358598,42.66366868720218,42.66142038603874,398.0,0,186529.0,0,0,0,0,0,2,0,0,0,0,0,0
-73.81858503358598,-73.81552755037896,42.66366868720218,42.66142038603874,0.0,0,295112.0,0,0,0,0,0,0,0,0,0,0,0,0
-73.81552755037896,-73.81247006717194,42.66366868720218,42.66142038603874,0.0,0,18649.0,0,0,0,0,0,0,0,0,0,0,0,0
-73.81247006717194,-73.80941258396493,42.66366868720218,42.66142038603874,0.0,0,0.0,0,0,0,0,0,0,0,0,0,0,0,0
-73.80941258396493,-73.80635510075791,42.66366868720218,42.66142038603874,0.0,0,0.0,0,1,0,0,0,0,0,0,0,0,0,0
-73.80635510075791,-73.8032976175509,42.66366868720218,42.66142038603874,0.0,0,12860.0,0,1,0,0,0,0,0,0,0,0,0,0
-73.8032976175509,-73.80024013434388,42.66366868720218,42.66142038603874,6456.666666666667,0,66263.0,0,0,0,0,0,0,0,0,0,0,0,0
-73.80024013434388,-73.79718265113686,42.66366868720218,42.66142038603874,0.0,0,,0,0,0,0,0,0,0,1,0,0,0,0
-73.79718265113686,-73.79412516792985,42.66366868720218,42.66142038603874,0.0,0,,0,0,0,0,0,0,0,1,0,0,0,0
-73.79412516792985,-73.79106768472283,42.66366868720218,42.66142038603874,0.0,0,22374.0,0,0,0,0,0,0,0,0,0,0,0,0
-73.79106768472283,-73.78801020151582,42.66366868720218,42.66142038603874,0.0,0,62980.0,0,1,0,0,0,0,0,1,0,0,0,0
-73.78801020151582,-73.7849527183088,42.66366868720218,42.66142038603874,1054.0,0,31448.0,1,1,0,0,0,0,0,0,0,0,0,0
-73.7849527183088,-73.78189523510179,42.66366868720218,42.66142038603874,0.0,0,65879.0,0,0,0,0,0,0,0,2,0,2,0,2
-73.78189523510179,-73.77883775189477,42.66366868720218,42.66142038603874,2913.0,0,16613.0,1,0,0,1,0,0,0,0,0,0,0,0
-73.77883775189477,-73.77578026868775,42.66366868720218,42.66142038603874,0.0,0,24909.0,0,0,0,3,0,0,0,0,1,8,0,0
-73.77578026868775,-73.77272278548074,42.66366868720218,42.66142038603874,0.0,0,113541.0,0,0,0,0,0,0,0,0,0,1,0,0
-73.77272278548074,-73.76966530227372,42.66366868720218,42.66142038603874,0.0,0,18270.0,2,1,0,0,0,0,0,0,0,0,0,0
-73.76966530227372,-73.7666078190667,42.66366868720218,42.66142038603874,0.0,0,14641.0,2,0,0,0,0,1,0,0,0,0,0,0
-73.7666078190667,-73.76355033585969,42.66366868720218,42.66142038603874,0.0,0,32544.0,0,0,1,0,0,0,0,0,0,0,0,0
-73.76355033585969,-73.76049285265267,42.66366868720218,42.66142038603874,0.0,0,81936.0,0,0,0,0,0,1,0,0,0,0,0,0
-73.76049285265267,-73.75743536944566,42.66366868720218,42.66142038603874,0.0,0,140027.0,1,0,0,1,0,0,0,2,0,1,0,1
-73.75743536944566,-73.75437788623864,42.66366868720218,42.66142038603874,0.0,0,103724.0,0,0,0,0,0,0,0,0,0,0,0,0
-73.75437788623864,-73.75132040303163,42.66366868720218,42.66142038603874,0.0,0,12101.0,0,0,0,0,0,7,0,0,0,0,0,0
-73.75132040303163,-73.74826291982461,42.66366868720218,42.66142038603874,0.0,0,16784.0,2,0,0,0,0,2,0,0,0,0,0,0
-73.74826291982461,-73.7452054366176,42.66366868720218,42.66142038603874,0.0,0,73575.0,0,0,0,0,0,0,0,0,0,0,0,0
-73.8247,-73.82164262735694,42.66142038603874,42.659172084875294,0.0,0,31217.0,0,0,0,0,0,0,0,0,0,0,0,0
-73.82164262735694,-73.81858525471387,42.66142038603874,42.659172084875294,9302.666666666666,0,191962.0,0,0,0,0,0,0,0,0,0,0,0,0
-73.81858525471387,-73.8155278820708,42.66142038603874,42.659172084875294,0.0,0,21920.0,0,0,0,0,0,0,0,0,0,0,0,0
-73.8155278820708,-73.81247050942773,42.66142038603874,42.659172084875294,0.0,0,18649.0,0,0,0,0,0,0,0,1,0,0,0,0
-73.81247050942773,-73.80941313678464,42.66142038603874,42.659172084875294,0.0,0,61214.0,0,0,0,0,0,0,0,0,0,0,0,0
-73.80941313678464,-73.80635576414157,42.66142038603874,42.659172084875294,0.0,0,42565.0,0,0,0,0,0,0,0,1,0,0,0,0
-73.80635576414157,-73.8032983914985,42.66142038603874,42.659172084875294,0.0,0,0.0,0,0,0,0,0,0,0,0,0,0,0,0
-73.8032983914985,-73.80024101885542,42.66142038603874,42.659172084875294,0.0,0,53493.0,0,0,0,0,0,0,0,0,0,0,0,0
-73.80024101885542,-73.79718364621235,42.66142038603874,42.659172084875294,0.0,0,,0,0,0,0,0,0,0,0,0,0,0,0
-73.79718364621235,-73.79412627356928,42.66142038603874,42.659172084875294,0.0,0,,0,0,0,0,0,0,0,0,0,0,0,0
-73.79412627356928,-73.79106890092619,42.66142038603874,42.659172084875294,0.0,0,20692.0,0,0,0,0,0,0,0,0,0,0,0,0
-73.79106890092619,-73.78801152828312,42.66142038603874,42.659172084875294,0.0,0,0.0,0,0,0,0,0,6,0,0,0,0,0,0
-73.78801152828312,-73.78495415564005,42.66142038603874,42.659172084875294,0.0,0,73835.0,1,0,0,0,0,2,0,0,0,0,0,0
-73.78495415564005,-73.78189678299697,42.66142038603874,42.659172084875294,10179.333333333332,0,113566.0,0,0,0,3,0,0,0,0,0,6,0,0
-73.78189678299697,-73.7788394103539,42.66142038603874,42.659172084875294,4606.666666666667,0,174498.0,0,0,0,0,0,4,0,0,0,1,0,2
-73.7788394103539,-73.77578203771083,42.66142038603874,42.659172084875294,0.0,0,44868.0,0,0,0,1,0,0,0,0,0,1,0,0
-73.77578203771083,-73.77272466506774,42.66142038603874,42.659172084875294,0.0,0,34753.0,0,0,0,1,0,0,0,0,0,0,0,4
-73.77272466506774,-73.76966729242467,42.66142038603874,42.659172084875294,0.0,0,76979.0,2,0,0,0,0,1,0,0,0,1,0,1
-73.76966729242467,-73.7666099197816,42.66142038603874,42.659172084875294,0.0,0,65261.0,0,0,0,2,0,0,0,1,0,2,0,0
-73.7666099197816,-73.76355254713852,42.66142038603874,42.659172084875294,0.0,0,217.0,1,0,0,0,0,0,0,0,0,0,0,0
-73.76355254713852,-73.76049517449545,42.66142038603874,42.659172084875294,9384.0,0,189015.0,0,0,0,0,0,3,0,0,0,0,0,0
-73.76049517449545,-73.75743780185238,42.66142038603874,42.659172084875294,0.0,0,168389.0,0,0,0,0,0,1,0,0,0,0,0,2
-73.75743780185238,-73.75438042920929,42.66142038603874,42.659172084875294,0.0,0,0.0,0,1,0,0,0,0,0,0,0,0,0,0
-73.75438042920929,-73.75132305656622,42.66142038603874,42.659172084875294,0.0,0,36956.0,0,0,0,0,0,1,0,0,0,0,2,0
-73.75132305656622,-73.74826568392315,42.66142038603874,42.659172084875294,970.6666666666666,0,16784.0,0,0,0,0,0,0,0,0,0,0,0,0
-73.74826568392315,-73.74520831128008,42.66142038603874,42.659172084875294,0.0,0,,0,0,0,0,0,0,0,0,0,0,0,0
-73.8247,-73.82164273790816,42.659172084875294,42.656923783711854,0.0,0,113369.0,0,0,0,0,0,0,0,0,0,0,0,0
-73.82164273790816,-73.81858547581633,42.659172084875294,42.656923783711854,0.0,0,0.0,0,0,0,0,0,0,0,0,0,0,0,0
-73.81858547581633,-73.8155282137245,42.659172084875294,42.656923783711854,0.0,0,23549.0,0,0,0,0,0,0,0,0,0,0,0,0
-73.8155282137245,-73.81247095163268,42.659172084875294,42.656923783711854,0.0,0,88034.0,1,0,0,0,0,1,0,0,0,0,0,0
-73.81247095163268,-73.80941368954085,42.659172084875294,42.656923783711854,0.0,0,61214.0,0,0,0,0,0,0,0,1,0,0,0,0
-73.80941368954085,-73.80635642744902,42.659172084875294,42.656923783711854,0.0,0,42565.0,1,0,0,0,0,0,0,0,0,0,0,0
-73.80635642744902,-73.80329916535717,42.659172084875294,42.656923783711854,0.0,0,107600.0,0,0,0,0,1,0,0,0,0,1,0,0
-73.80329916535717,-73.80024190326533,42.659172084875294,42.656923783711854,0.0,0,,0,0,0,0,0,0,0,0,3,6,0,0
-73.80024190326533,-73.79718464117349,42.659172084875294,42.656923783711854,0.0,0,,0,0,0,0,0,0,0,0,0,0,0,0
-73.79718464117349,-73.79412737908164,42.659172084875294,42.656923783711854,3562.0,0,13766.0,0,0,0,0,0,0,0,0,0,0,0,0
-73.79412737908164,-73.7910701169898,42.659172084875294,42.656923783711854,0.0,0,0.0,0,0,0,0,0,0,0,0,0,0,0,0
-73.7910701169898,-73.78801285489797,42.659172084875294,42.656923783711854,0.0,0,5684.0,0,0,0,0,0,8,0,0,0,0,0,0
-73.78801285489797,-73.78495559280614,42.659172084875294,42.656923783711854,0.0,0,9545.0,0,0,0,0,0,0,0,0,0,0,0,0
-73.78495559280614,-73.78189833071431,42.659172084875294,42.656923783711854,0.0,0,95608.0,0,0,0,0,0,0,0,0,0,0,0,0
-73.78189833071431,-73.77884106862248,42.659172084875294,42.656923783711854,0.0,0,118540.0,0,0,0,0,0,0,0,0,0,0,0,0
-73.77884106862248,-73.77578380653065,42.659172084875294,42.656923783711854,0.0,0,85838.0,0,0,0,0,0,0,0,0,0,0,0,0
-73.77578380653065,-73.77272654443881,42.659172084875294,42.656923783711854,0.0,0,0.0,0,0,0,0,0,4,0,0,0,0,0,0
-73.77272654443881,-73.76966928234697,42.659172084875294,42.656923783711854,0.0,1,2479.0,0,0,0,0,0,2,0,0,0,0,0,0
-73.76966928234697,-73.76661202025512,42.659172084875294,42.656923783711854,0.0,0,56442.0,0,1,0,0,0,2,0,0,0,0,0,0
-73.76661202025512,-73.76355475816328,42.659172084875294,42.656923783711854,10310.0,0,157769.0,0,1,1,0,0,1,0,0,0,6,3,2
-73.76355475816328,-73.76049749607144,42.659172084875294,42.656923783711854,0.0,0,36805.0,0,0,0,1,0,0,0,0,0,1,0,0
-73.76049749607144,-73.75744023397961,42.659172084875294,42.656923783711854,0.0,1,59339.0,0,0,0,0,0,1,0,0,0,1,0,0
-73.75744023397961,-73.75438297188778,42.659172084875294,42.656923783711854,3822.0,0,59122.0,0,0,0,1,0,1,0,0,0,0,0,0
-73.75438297188778,-73.75132570979595,42.659172084875294,42.656923783711854,0.0,0,0.0,0,0,0,0,0,4,0,0,0,0,0,0
-73.75132570979595,-73.74826844770412,42.659172084875294,42.656923783711854,1466.6666666666667,0,225297.0,0,0,0,1,0,4,0,0,0,1,1,1
-73.74826844770412,-73.74521118561229,42.659172084875294,42.656923783711854,0.0,0,60587.0,0,0,1,1,0,0,0,0,0,0,0,0
-73.8247,-73.8216428484467,42.656923783711854,42.65467548254841,0.0,0,0.0,0,0,0,0,0,0,0,0,0,0,0,0
-73.8216428484467,-73.81858569689341,42.656923783711854,42.65467548254841,0.0,0,41346.0,0,0,0,0,0,0,0,0,0,0,0,0
-73.81858569689341,-73.81552854534011,42.656923783711854,42.65467548254841,0.0,0,,0,0,0,1,0,0,0,1,0,0,0,0
-73.81552854534011,-73.81247139378682,42.656923783711854,42.65467548254841,0.0,0,,0,0,0,0,0,1,0,1,0,0,0,0
-73.81247139378682,-73.80941424223352,42.656923783711854,42.65467548254841,0.0,0,0.0,0,0,0,0,0,0,0,0,0,0,0,0
-73.80941424223352,-73.80635709068021,42.656923783711854,42.65467548254841,0.0,0,0.0,0,0,0,0,0,1,0,0,0,0,0,0
-73.80635709068021,-73.8032999391269,42.656923783711854,42.65467548254841,0.0,0,11632.0,0,0,0,0,1,1,0,0,0,0,0,0
-73.8032999391269,-73.8002427875736,42.656923783711854,42.65467548254841,0.0,0,,0,0,1,0,0,1,0,3,0,1,0,0
-73.8002427875736,-73.79718563602029,42.656923783711854,42.65467548254841,0.0,0,65917.0,0,0,0,0,0,0,0,0,0,0,0,0
-73.79718563602029,-73.794128484467,42.656923783711854,42.65467548254841,0.0,0,42565.0,1,0,0,0,0,0,0,1,0,0,0,0
-73.794128484467,-73.7910713329137,42.656923783711854,42.65467548254841,0.0,0,0.0,0,0,0,0,0,1,0,0,0,0,0,0
-73.7910713329137,-73.7880141813604,42.656923783711854,42.65467548254841,0.0,0,0.0,0,0,0,0,0,1,0,0,0,0,0,0
-73.7880141813604,-73.78495702980709,42.656923783711854,42.65467548254841,0.0,0,9545.0,0,0,0,0,0,0,0,0,0,0,0,0
-73.78495702980709,-73.78189987825378,42.656923783711854,42.65467548254841,0.0,0,84127.0,0,0,0,0,0,0,0,0,0,0,0,0
-73.78189987825378,-73.77884272670047,42.656923783711854,42.65467548254841,0.0,0,27977.0,0,0,0,0,0,2,0,0,0,0,0,0
-73.77884272670047,-73.77578557514717,42.656923783711854,42.65467548254841,0.0,0,60454.0,0,0,0,0,0,0,0,0,0,0,0,0
-73.77578557514717,-73.77272842359388,42.656923783711854,42.65467548254841,0.0,0,109148.0,0,0,0,0,0,0,0,1,0,0,1,0
-73.77272842359388,-73.76967127204058,42.656923783711854,42.65467548254841,0.0,0,127011.0,0,1,0,0,0,1,0,1,0,0,1,2
-73.76967127204058,-73.76661412048728,42.656923783711854,42.65467548254841,0.0,0,0.0,0,0,0,0,0,0,0,0,0,0,3,0
-73.76661412048728,-73.76355696893397,42.656923783711854,42.65467548254841,5561.333333333333,0,73426.0,0,0,0,3,0,0,0,0,2,12,1,3
-73.76355696893397,-73.76049981738066,42.656923783711854,42.65467548254841,7381.333333333333,0,84054.0,1,0,0,0,0,0,0,0,1,7,0,2
-73.76049981738066,-73.75744266582736,42.656923783711854,42.65467548254841,0.0,0,12271.0,0,0,1,0,0,1,0,0,1,1,1,0
-73.75744266582736,-73.75438551427405,42.656923783711854,42.65467548254841,0.0,0,27640.0,0,0,0,0,0,0,0,0,0,0,0,0
-73.75438551427405,-73.75132836272076,42.656923783711854,42.65467548254841,0.0,0,142638.0,0,0,0,0,0,2,0,0,0,0,0,0
-73.75132836272076,-73.74827121116746,42.656923783711854,42.65467548254841,0.0,0,266483.0,0,1,0,0,0,1,0,0,0,0,0,0
-73.74827121116746,-73.74521405961416,42.656923783711854,42.65467548254841,0.0,0,71788.0,0,0,0,0,0,0,0,1,0,0,0,0
-73.8247,-73.82164295897255,42.65467548254841,42.65242718138497,0.0,0,12468.0,0,0,0,0,0,0,0,0,0,0,0,0
-73.82164295897255,-73.81858591794509,42.65467548254841,42.65242718138497,0.0,0,112900.0,0,0,0,0,0,0,0,0,0,0,0,0
-73.81858591794509,-73.81552887691761,42.65467548254841,42.65242718138497,0.0,0,36854.0,0,0,0,0,0,0,0,0,0,0,0,0
-73.81552887691761,-73.81247183589015,42.65467548254841,42.65242718138497,0.0,0,,0,0,0,0,0,0,0,0,0,0,0,0
-73.81247183589015,-73.80941479486269,42.65467548254841,42.65242718138497,0.0,0,,0,0,0,0,0,0,0,0,0,0,0,0
-73.80941479486269,-73.80635775383523,42.65467548254841,42.65242718138497,0.0,0,,0,0,0,0,0,0,0,0,0,0,0,0
-73.80635775383523,-73.80330071280777,42.65467548254841,42.65242718138497,0.0,0,73709.0,0,0,0,0,0,0,0,0,0,0,0,1
-73.80330071280777,-73.80024367178031,42.65467548254841,42.65242718138497,2396.6666666666665,0,71663.0,0,0,0,0,0,0,0,0,0,0,0,0
-73.80024367178031,-73.79718663075285,42.65467548254841,42.65242718138497,0.0,0,12870.0,0,0,0,0,0,0,0,0,0,0,0,0
-73.79718663075285,-73.79412958972539,42.65467548254841,42.65242718138497,0.0,0,45849.0,0,0,0,0,0,0,0,1,0,0,0,0
-73.79412958972539,-73.79107254869793,42.65467548254841,42.65242718138497,0.0,0,42565.0,1,0,0,0,0,2,0,2,0,0,0,0
-73.79107254869793,-73.78801550767047,42.65467548254841,42.65242718138497,7671.333333333333,0,88858.0,0,0,2,1,1,0,0,0,0,4,0,2
-73.78801550767047,-73.78495846664299,42.65467548254841,42.65242718138497,1884.6666666666667,0,156007.0,0,0,0,2,0,0,0,0,2,5,0,0
-73.78495846664299,-73.78190142561553,42.65467548254841,42.65242718138497,0.0,0,127040.0,0,0,0,0,0,1,0,0,0,0,0,1
-73.78190142561553,-73.77884438458807,42.65467548254841,42.65242718138497,8510.0,0,44129.0,0,0,0,0,1,1,0,0,0,0,1,0
-73.77884438458807,-73.77578734356061,42.65467548254841,42.65242718138497,0.0,0,65552.0,1,0,1,0,2,0,0,0,0,3,0,0
-73.77578734356061,-73.77273030253315,42.65467548254841,42.65242718138497,0.0,2,52223.0,0,0,2,1,1,0,0,0,0,2,0,4
-73.77273030253315,-73.76967326150569,42.65467548254841,42.65242718138497,0.0,0,82872.0,0,0,0,1,0,2,0,0,0,2,0,0
-73.76967326150569,-73.76661622047823,42.65467548254841,42.65242718138497,0.0,0,95147.0,0,0,0,0,0,0,1,0,4,13,1,2
-73.76661622047823,-73.76355917945077,42.65467548254841,42.65242718138497,0.0,0,143923.0,0,1,0,1,0,0,1,0,1,7,0,0
-73.76355917945077,-73.7605021384233,42.65467548254841,42.65242718138497,0.0,0,146326.0,1,0,0,0,0,0,0,0,0,1,0,0
-73.7605021384233,-73.75744509739584,42.65467548254841,42.65242718138497,4092.0,0,67809.0,0,0,0,0,0,1,0,0,0,2,2,5
-73.75744509739584,-73.75438805636838,42.65467548254841,42.65242718138497,0.0,0,17979.0,0,1,0,0,0,2,0,2,0,0,3,2
-73.75438805636838,-73.75133101534092,42.65467548254841,42.65242718138497,2427.3333333333335,1,,0,0,0,0,0,0,0,2,0,4,2,0
-73.75133101534092,-73.74827397431346,42.65467548254841,42.65242718138497,5772.666666666667,5,332168.0,0,1,1,1,0,7,0,1,0,6,2,5
-73.74827397431346,-73.74521693328599,42.65467548254841,42.65242718138497,0.0,0,186794.0,0,0,0,0,0,0,0,0,0,1,1,0
-73.8247,-73.82164306948569,42.65242718138497,42.65017888022154,0.0,0,0.0,0,0,0,0,0,0,0,0,0,0,0,0
-73.82164306948569,-73.81858613897137,42.65242718138497,42.65017888022154,0.0,0,0.0,0,0,0,0,0,1,0,0,0,1,0,0
-73.81858613897137,-73.81552920845705,42.65242718138497,42.65017888022154,0.0,0,100402.0,0,0,0,0,0,0,0,0,0,0,0,0
-73.81552920845705,-73.81247227794273,42.65242718138497,42.65017888022154,0.0,0,137226.0,0,0,1,0,1,0,0,1,0,0,0,1
-73.81247227794273,-73.80941534742841,42.65242718138497,42.65017888022154,5790.0,0,11680.0,0,0,0,0,0,1,0,0,0,1,0,1
-73.80941534742841,-73.8063584169141,42.65242718138497,42.65017888022154,0.0,0,48456.0,0,0,0,0,0,0,0,1,0,0,0,0
-73.8063584169141,-73.80330148639977,42.65242718138497,42.65017888022154,0.0,0,9586.0,0,0,0,0,0,0,0,0,0,0,0,0
-73.80330148639977,-73.80024455588546,42.65242718138497,42.65017888022154,5714.0,0,71663.0,0,0,0,0,0,0,0,1,0,0,0,0
-73.80024455588546,-73.79718762537114,42.65242718138497,42.65017888022154,0.0,0,65361.0,0,0,0,0,0,0,0,0,0,0,0,0
-73.79718762537114,-73.79413069485682,42.65242718138497,42.65017888022154,0.0,0,0.0,0,0,0,0,0,0,0,0,0,0,0,0
-73.79413069485682,-73.7910737643425,42.65242718138497,42.65017888022154,0.0,0,0.0,0,0,0,0,0,0,0,0,0,0,0,0
-73.7910737643425,-73.78801683382818,42.65242718138497,42.65017888022154,0.0,0,36748.0,0,0,0,0,0,0,0,0,0,0,0,0
-73.78801683382818,-73.78495990331386,42.65242718138497,42.65017888022154,0.0,0,11835.0,0,0,0,0,0,0,0,0,0,0,0,0
-73.78495990331386,-73.78190297279954,42.65242718138497,42.65017888022154,0.0,0,0.0,2,0,0,0,0,1,0,0,0,0,0,0
-73.78190297279954,-73.77884604228522,42.65242718138497,42.65017888022154,0.0,0,0.0,1,0,0,0,0,0,0,0,0,0,1,0
-73.77884604228522,-73.7757891117709,42.65242718138497,42.65017888022154,0.0,0,8963.0,3,0,1,0,0,1,0,0,0,2,1,0
-73.7757891117709,-73.77273218125659,42.65242718138497,42.65017888022154,0.0,0,0.0,0,0,0,0,1,0,0,0,0,0,0,0
-73.77273218125659,-73.76967525074227,42.65242718138497,42.65017888022154,2271.0,0,0.0,0,0,0,0,0,1,0,0,0,0,0,0
-73.76967525074227,-73.76661832022795,42.65242718138497,42.65017888022154,0.0,0,125085.0,1,1,0,2,0,1,0,0,1,3,1,1
-73.76661832022795,-73.76356138971363,42.65242718138497,42.65017888022154,0.0,0,87065.0,0,0,0,0,0,0,0,0,0,1,0,0
-73.76356138971363,-73.76050445919931,42.65242718138497,42.65017888022154,1210.0,0,195321.0,0,0,0,0,0,1,0,0,1,2,1,1
-73.76050445919931,-73.75744752868499,42.65242718138497,42.65017888022154,0.0,0,0.0,0,3,0,0,0,1,0,0,0,1,13,1
-73.75744752868499,-73.75439059817067,42.65242718138497,42.65017888022154,0.0,0,489600.0,0,0,2,0,0,1,0,2,0,4,5,4
-73.75439059817067,-73.75133366765635,42.65242718138497,42.65017888022154,5988.666666666666,0,,0,0,3,0,1,2,0,1,1,14,1,9
-73.75133366765635,-73.74827673714204,42.65242718138497,42.65017888022154,6073.333333333334,1,283039.0,0,0,0,0,0,2,1,0,3,9,1,3
-73.74827673714204,-73.74521980662772,42.65242718138497,42.65017888022154,0.0,0,154285.0,0,0,0,0,0,1,0,0,0,0,0,1
-73.8247,-73.82164317998613,42.65017888022154,42.647930579058105,0.0,0,0.0,0,0,0,0,0,0,0,0,0,0,0,0
-73.82164317998613,-73.81858635997223,42.65017888022154,42.647930579058105,0.0,0,0.0,0,0,0,0,0,0,0,0,0,0,0,0
-73.81858635997223,-73.81552953995835,42.65017888022154,42.647930579058105,0.0,0,0.0,0,0,0,0,0,0,0,0,0,0,0,0
-73.81552953995835,-73.81247271994447,42.65017888022154,42.647930579058105,0.0,0,100402.0,0,0,0,0,0,0,0,0,0,0,0,0
-73.81247271994447,-73.80941589993058,42.65017888022154,42.647930579058105,0.0,0,0.0,0,0,0,0,0,0,0,0,0,0,0,0
-73.80941589993058,-73.8063590799167,42.65017888022154,42.647930579058105,0.0,0,36824.0,0,1,0,0,0,6,0,0,0,0,0,0
-73.8063590799167,-73.80330225990282,42.65017888022154,42.647930579058105,0.0,0,46410.0,0,0,0,0,0,0,0,0,0,0,0,0
-73.80330225990282,-73.80024543988894,42.65017888022154,42.647930579058105,0.0,0,40108.0,0,0,0,0,0,0,0,0,0,0,0,0
-73.80024543988894,-73.79718861987506,42.65017888022154,42.647930579058105,0.0,0,80606.0,0,0,0,0,0,0,0,0,0,0,0,0
-73.79718861987506,-73.79413179986118,42.65017888022154,42.647930579058105,0.0,0,18529.0,0,0,0,0,0,0,0,0,0,0,0,0
-73.79413179986118,-73.79107497984728,42.65017888022154,42.647930579058105,0.0,0,18529.0,0,0,0,0,0,0,0,0,0,0,0,0
-73.79107497984728,-73.7880181598334,42.65017888022154,42.647930579058105,0.0,0,36748.0,0,0,0,0,0,0,0,0,0,0,0,0
-73.7880181598334,-73.7849613398195,42.65017888022154,42.647930579058105,0.0,0,11835.0,0,0,0,0,0,1,0,0,0,0,0,0
-73.7849613398195,-73.78190451980562,42.65017888022154,42.647930579058105,0.0,0,0.0,0,0,0,0,0,6,0,0,0,0,0,0
-73.78190451980562,-73.77884769979174,42.65017888022154,42.647930579058105,0.0,0,0.0,0,0,0,0,0,2,0,0,0,0,0,1
-73.77884769979174,-73.77579087977786,42.65017888022154,42.647930579058105,0.0,0,38176.0,0,0,0,0,0,0,0,0,0,0,0,0
-73.77579087977786,-73.77273405976398,42.65017888022154,42.647930579058105,0.0,0,47139.0,0,0,0,0,1,0,0,1,0,0,0,2
-73.77273405976398,-73.7696772397501,42.65017888022154,42.647930579058105,0.0,0,0.0,1,0,0,0,0,1,0,0,0,0,0,0
-73.7696772397501,-73.76662041973621,42.65017888022154,42.647930579058105,0.0,0,96853.0,0,0,0,0,0,0,0,0,0,0,0,0
-73.76662041973621,-73.76356359972232,42.65017888022154,42.647930579058105,0.0,0,70765.0,0,0,0,0,0,1,0,0,0,0,0,0
-73.76356359972232,-73.76050677970844,42.65017888022154,42.647930579058105,0.0,0,112146.0,1,5,0,0,0,2,0,1,0,1,10,5
-73.76050677970844,-73.75744995969454,42.65017888022154,42.647930579058105,0.0,0,,0,0,0,0,0,0,0,1,0,1,4,0
-73.75744995969454,-73.75439313968066,42.65017888022154,42.647930579058105,1291.3333333333333,2,,0,0,0,0,0,1,0,0,0,2,0,0
-73.75439313968066,-73.75133631966678,42.65017888022154,42.647930579058105,0.0,1,569031.0,0,1,7,0,0,0,0,1,0,16,1,3
-73.75133631966678,-73.7482794996529,42.65017888022154,42.647930579058105,0.0,0,261366.0,0,0,0,2,0,1,1,2,2,4,0,4
-73.7482794996529,-73.74522267963901,42.65017888022154,42.647930579058105,0.0,0,69020.0,0,1,0,0,0,0,0,2,0,0,1,0
-73.8247,-73.82164329047387,42.647930579058105,42.645682277894664,0.0,0,0.0,0,0,0,0,0,0,0,0,0,0,0,0
-73.82164329047387,-73.81858658094774,42.647930579058105,42.645682277894664,0.0,0,0.0,0,0,0,0,0,1,0,0,0,0,0,0
-73.81858658094774,-73.8155298714216,42.647930579058105,42.645682277894664,0.0,0,0.0,0,0,0,0,0,0,0,0,0,0,0,0
-73.8155298714216,-73.81247316189547,42.647930579058105,42.645682277894664,0.0,0,0.0,0,0,0,0,0,0,0,0,0,0,0,0
-73.81247316189547,-73.80941645236933,42.647930579058105,42.645682277894664,0.0,0,0.0,0,0,0,0,0,0,0,0,0,0,0,0
-73.80941645236933,-73.8063597428432,42.647930579058105,42.645682277894664,0.0,0,100402.0,0,0,0,0,0,1,0,0,0,0,0,0
-73.8063597428432,-73.80330303331706,42.647930579058105,42.645682277894664,0.0,0,0.0,0,0,0,0,0,0,0,0,0,0,0,0
-73.80330303331706,-73.80024632379093,42.647930579058105,42.645682277894664,0.0,0,59563.0,0,0,0,0,0,0,0,1,0,0,0,0
-73.80024632379093,-73.7971896142648,42.647930579058105,42.645682277894664,0.0,0,19455.0,0,0,0,0,0,0,0,1,0,0,0,0
-73.7971896142648,-73.79413290473866,42.647930579058105,42.645682277894664,0.0,0,19455.0,0,0,0,0,0,0,0,0,0,0,0,0
-73.79413290473866,-73.79107619521251,42.647930579058105,42.645682277894664,0.0,0,21348.0,0,0,0,0,0,0,0,0,0,0,0,0
-73.79107619521251,-73.78801948568638,42.647930579058105,42.645682277894664,0.0,0,18615.0,0,0,0,0,0,3,0,0,0,0,0,0
-73.78801948568638,-73.78496277616024,42.647930579058105,42.645682277894664,0.0,0,11835.0,3,0,0,0,0,5,0,0,0,0,0,0
-73.78496277616024,-73.78190606663411,42.647930579058105,42.645682277894664,0.0,0,0.0,0,0,0,0,0,0,0,0,0,0,0,0
-73.78190606663411,-73.77884935710797,42.647930579058105,42.645682277894664,0.0,0,0.0,0,0,0,0,0,0,0,1,0,0,0,0
-73.77884935710797,-73.77579264758184,42.647930579058105,42.645682277894664,0.0,0,0.0,1,0,0,0,0,0,0,0,0,0,0,0
-73.77579264758184,-73.7727359380557,42.647930579058105,42.645682277894664,0.0,1,27492.0,0,0,0,0,0,0,0,0,0,0,0,0
-73.7727359380557,-73.76967922852957,42.647930579058105,42.645682277894664,0.0,0,59643.0,0,0,0,0,0,2,0,0,0,1,1,0
-73.76967922852957,-73.76662251900343,42.647930579058105,42.645682277894664,0.0,0,48521.0,2,0,0,0,0,1,0,0,0,0,0,0
-73.76662251900343,-73.7635658094773,42.647930579058105,42.645682277894664,0.0,0,60307.0,0,0,0,0,0,4,0,0,0,0,0,0
-73.7635658094773,-73.76050909995116,42.647930579058105,42.645682277894664,2394.6666666666665,0,,2,0,0,0,0,3,0,0,0,0,0,0
-73.76050909995116,-73.75745239042503,42.647930579058105,42.645682277894664,0.0,0,224799.0,0,0,0,0,0,3,0,0,0,3,1,0
-73.75745239042503,-73.7543956808989,42.647930579058105,42.645682277894664,12323.0,0,,0,1,0,3,0,0,0,0,0,5,0,1
-73.7543956808989,-73.75133897137276,42.647930579058105,42.645682277894664,11734.5,0,476523.0,0,0,1,0,0,0,0,2,0,1,0,5
-73.75133897137276,-73.74828226184663,42.647930579058105,42.645682277894664,36789.333333333336,0,234928.0,0,0,0,0,0,1,0,1,0,2,1,3
-73.74828226184663,-73.74522555232049,42.647930579058105,42.645682277894664,0.0,0,87385.0,0,0,0,0,0,0,0,0,0,0,0,0
-73.8247,-73.82164340094893,42.645682277894664,42.64343397673123,0.0,0,0.0,0,0,0,0,0,0,0,0,0,0,0,0
-73.82164340094893,-73.81858680189784,42.645682277894664,42.64343397673123,0.0,0,0.0,0,0,0,0,0,0,0,0,0,0,0,0
-73.81858680189784,-73.81553020284676,42.645682277894664,42.64343397673123,0.0,0,0.0,0,0,0,0,0,0,0,0,0,0,0,0
-73.81553020284676,-73.81247360379567,42.645682277894664,42.64343397673123,0.0,0,0.0,0,0,0,0,0,0,0,0,0,0,0,0
-73.81247360379567,-73.80941700474459,42.645682277894664,42.64343397673123,0.0,0,0.0,0,0,0,0,0,0,0,0,0,0,0,0
-73.80941700474459,-73.8063604056935,42.645682277894664,42.64343397673123,0.0,0,100402.0,0,0,0,0,0,0,0,0,0,0,0,0
-73.8063604056935,-73.80330380664242,42.645682277894664,42.64343397673123,0.0,0,100402.0,0,0,0,0,0,0,0,0,0,0,0,0
-73.80330380664242,-73.80024720759133,42.645682277894664,42.64343397673123,0.0,0,59056.0,0,0,0,0,0,0,0,0,0,0,0,0
-73.80024720759133,-73.79719060854025,42.645682277894664,42.64343397673123,0.0,0,0.0,0,0,0,0,0,0,0,0,0,0,0,0
-73.79719060854025,-73.79413400948916,42.645682277894664,42.64343397673123,0.0,0,22274.0,0,0,0,0,0,1,0,0,0,0,0,0
-73.79413400948916,-73.79107741043808,42.645682277894664,42.64343397673123,0.0,0,22360.0,0,0,0,0,0,0,0,0,0,0,0,0
-73.79107741043808,-73.78802081138699,42.645682277894664,42.64343397673123,0.0,0,18615.0,0,0,0,0,0,0,0,0,0,0,0,0
-73.78802081138699,-73.78496421233591,42.645682277894664,42.64343397673123,0.0,0,48616.0,0,0,0,0,0,1,0,0,0,0,0,0
-73.78496421233591,-73.78190761328482,42.645682277894664,42.64343397673123,0.0,0,18529.0,3,0,0,0,0,4,0,0,0,0,0,0
-73.78190761328482,-73.77885101423374,42.645682277894664,42.64343397673123,0.0,0,48963.0,0,0,0,0,0,0,0,0,0,0,0,0
-73.77885101423374,-73.77579441518265,42.645682277894664,42.64343397673123,0.0,0,18529.0,0,0,0,0,0,0,0,0,0,0,0,0
-73.77579441518265,-73.77273781613157,42.645682277894664,42.64343397673123,0.0,0,32151.0,0,0,0,0,0,0,0,0,0,0,0,0
-73.77273781613157,-73.76968121708047,42.645682277894664,42.64343397673123,0.0,0,112428.0,0,0,0,0,1,0,0,0,0,1,1,2
-73.76968121708047,-73.7666246180294,42.645682277894664,42.64343397673123,1569.3333333333333,0,84047.0,0,0,0,0,0,0,0,0,0,0,1,0
-73.7666246180294,-73.7635680189783,42.645682277894664,42.64343397673123,0.0,0,101592.0,0,0,0,1,0,2,0,0,0,0,0,0
-73.7635680189783,-73.76051141992723,42.645682277894664,42.64343397673123,2548.6666666666665,0,78095.0,0,1,0,0,0,6,0,0,0,0,0,0
-73.76051141992723,-73.75745482087613,42.645682277894664,42.64343397673123,0.0,0,,0,0,0,0,0,2,0,0,0,1,0,0
-73.75745482087613,-73.75439822182506,42.645682277894664,42.64343397673123,0.0,0,83655.0,0,0,0,0,0,0,0,0,1,0,0,0
-73.75439822182506,-73.75134162277396,42.645682277894664,42.64343397673123,0.0,0,364183.0,0,0,0,0,0,2,0,0,0,0,0,0
-73.75134162277396,-73.74828502372289,42.645682277894664,42.64343397673123,4599.0,0,298344.0,0,0,0,0,0,0,0,0,0,0,2,0
-73.74828502372289,-73.7452284246718,42.645682277894664,42.64343397673123,0.0,0,0.0,0,0,0,0,0,0,0,0,0,0,0,0
-73.8247,-73.8216435114113,42.64343397673123,42.64118567556778,0.0,0,0.0,0,0,0,0,0,0,0,0,0,0,0,0
-73.8216435114113,-73.81858702282258,42.64343397673123,42.64118567556778,0.0,0,0.0,0,0,0,0,0,0,0,0,0,0,0,0
-73.81858702282258,-73.81553053423387,42.64343397673123,42.64118567556778,0.0,0,0.0,0,0,0,0,0,1,0,0,0,0,0,0
-73.81553053423387,-73.81247404564516,42.64343397673123,42.64118567556778,0.0,0,0.0,0,0,0,0,0,0,0,0,0,0,0,0
-73.81247404564516,-73.80941755705645,42.64343397673123,42.64118567556778,0.0,0,0.0,0,0,0,0,0,0,0,0,0,0,0,0
-73.80941755705645,-73.80636106846774,42.64343397673123,42.64118567556778,0.0,0,0.0,0,0,0,0,0,0,0,0,0,0,0,0
-73.80636106846774,-73.80330457987903,42.64343397673123,42.64118567556778,0.0,0,0.0,0,0,0,0,0,0,0,0,0,0,0,0
-73.80330457987903,-73.8002480912903,42.64343397673123,42.64118567556778,0.0,0,100402.0,0,0,0,0,0,0,0,0,0,0,0,0
-73.8002480912903,-73.79719160270159,42.64343397673123,42.64118567556778,0.0,0,59056.0,0,0,0,0,0,0,0,0,0,0,0,0
-73.79719160270159,-73.79413511411288,42.64343397673123,42.64118567556778,0.0,0,0.0,2,0,0,0,0,5,0,0,0,0,0,0
-73.79413511411288,-73.79107862552416,42.64343397673123,42.64118567556778,0.0,0,19455.0,0,0,0,0,0,0,0,0,0,0,0,0
-73.79107862552416,-73.78802213693545,42.64343397673123,42.64118567556778,2878.0,0,37707.0,3,0,0,0,0,0,0,0,0,0,0,0
-73.78802213693545,-73.78496564834674,42.64343397673123,42.64118567556778,0.0,0,0.0,1,0,0,0,0,0,0,0,0,0,0,0
-73.78496564834674,-73.78190915975802,42.64343397673123,42.64118567556778,0.0,0,0.0,0,0,0,0,0,0,0,0,0,0,0,0
-73.78190915975802,-73.7788526711693,42.64343397673123,42.64118567556778,0.0,0,76711.0,1,0,1,1,2,0,0,1,0,3,0,0
-73.7788526711693,-73.77579618258059,42.64343397673123,42.64118567556778,0.0,0,145700.0,4,1,0,0,0,0,0,0,0,4,0,0
-73.77579618258059,-73.77273969399188,42.64343397673123,42.64118567556778,0.0,0,14778.0,0,0,0,0,0,0,0,0,0,0,0,0
-73.77273969399188,-73.76968320540317,42.64343397673123,42.64118567556778,0.0,0,55848.0,2,0,0,0,0,0,0,0,0,0,0,0
-73.76968320540317,-73.76662671681446,42.64343397673123,42.64118567556778,0.0,0,0.0,0,0,0,0,0,3,0,0,0,0,0,0
-73.76662671681446,-73.76357022822573,42.64343397673123,42.64118567556778,0.0,0,15635.0,0,0,0,0,0,0,0,0,0,0,0,0
-73.76357022822573,-73.76051373963702,42.64343397673123,42.64118567556778,0.0,0,132738.0,0,0,0,0,0,3,0,0,0,0,0,0
-73.76051373963702,-73.75745725104831,42.64343397673123,42.64118567556778,0.0,0,90327.0,1,0,0,0,0,1,0,2,0,0,1,0
-73.75745725104831,-73.7544007624596,42.64343397673123,42.64118567556778,2751.3333333333335,0,125310.0,0,0,0,0,0,0,0,1,0,0,0,0
-73.7544007624596,-73.75134427387088,42.64343397673123,42.64118567556778,10097.0,0,,0,0,0,0,0,1,0,0,0,0,0,0
-73.75134427387088,-73.74828778528217,42.64343397673123,42.64118567556778,0.0,0,164063.0,0,0,0,0,0,0,0,0,0,0,4,0
-73.74828778528217,-73.74523129669345,42.64343397673123,42.64118567556778,0.0,0,72404.0,0,0,0,0,0,3,1,0,0,0,0,0
-73.8247,-73.82164362186097,42.64118567556778,42.63893737440434,0.0,0,0.0,0,0,0,0,0,0,0,0,0,0,0,0
-73.82164362186097,-73.81858724372194,42.64118567556778,42.63893737440434,0.0,0,0.0,0,0,0,0,0,0,0,0,0,0,0,0
-73.81858724372194,-73.81553086558289,42.64118567556778,42.63893737440434,0.0,0,0.0,0,0,0,0,0,1,0,0,0,0,0,0
-73.81553086558289,-73.81247448744385,42.64118567556778,42.63893737440434,0.0,0,0.0,0,0,0,0,0,0,0,0,0,0,0,0
-73.81247448744385,-73.8094181093048,42.64118567556778,42.63893737440434,0.0,0,0.0,0,0,0,0,0,0,0,0,0,0,0,0
-73.8094181093048,-73.80636173116577,42.64118567556778,42.63893737440434,0.0,0,0.0,0,0,0,0,0,0,0,0,0,0,0,0
-73.80636173116577,-73.80330535302673,42.64118567556778,42.63893737440434,0.0,0,0.0,0,0,0,0,0,0,0,0,0,0,0,0
-73.80330535302673,-73.80024897488768,42.64118567556778,42.63893737440434,0.0,0,0.0,0,0,0,0,0,0,0,0,0,0,0,0
-73.80024897488768,-73.79719259674864,42.64118567556778,42.63893737440434,0.0,0,0.0,0,0,0,0,0,0,0,0,0,0,0,0
-73.79719259674864,-73.7941362186096,42.64118567556778,42.63893737440434,0.0,0,59056.0,0,0,0,0,0,1,0,0,0,0,0,0
-73.7941362186096,-73.79107984047054,42.64118567556778,42.63893737440434,0.0,0,0.0,0,0,0,0,0,0,0,0,0,0,0,0
-73.79107984047054,-73.78802346233151,42.64118567556778,42.63893737440434,0.0,0,0.0,0,0,0,0,0,4,0,0,0,0,0,0
-73.78802346233151,-73.78496708419246,42.64118567556778,42.63893737440434,0.0,0,64744.0,0,0,0,2,0,0,0,0,0,2,0,0
-73.78496708419246,-73.78191070605342,42.64118567556778,42.63893737440434,0.0,0,112973.0,0,0,0,1,0,0,0,0,0,1,0,0
-73.78191070605342,-73.77885432791437,42.64118567556778,42.63893737440434,0.0,0,83542.0,0,0,0,0,0,0,0,0,0,1,0,0
-73.77885432791437,-73.77579794977532,42.64118567556778,42.63893737440434,0.0,0,165408.0,0,0,0,0,0,1,0,0,0,0,0,0
-73.77579794977532,-73.77274157163629,42.64118567556778,42.63893737440434,0.0,0,250525.0,0,0,0,0,0,3,0,0,0,0,0,0
-73.77274157163629,-73.76968519349724,42.64118567556778,42.63893737440434,0.0,0,37525.0,0,1,0,0,0,0,0,0,0,0,0,0
-73.76968519349724,-73.7666288153582,42.64118567556778,42.63893737440434,0.0,0,37525.0,0,0,0,0,0,0,0,0,0,0,0,0
-73.7666288153582,-73.76357243721915,42.64118567556778,42.63893737440434,0.0,0,0.0,0,0,0,0,0,2,0,0,0,0,0,0
-73.76357243721915,-73.7605160590801,42.64118567556778,42.63893737440434,0.0,0,18163.0,0,0,0,0,0,3,0,0,0,0,0,0
-73.7605160590801,-73.75745968094107,42.64118567556778,42.63893737440434,0.0,0,31403.0,0,0,0,0,0,0,0,0,0,0,0,0
-73.75745968094107,-73.75440330280202,42.64118567556778,42.63893737440434,1373.3333333333333,0,260202.0,1,0,0,0,0,3,0,0,0,0,0,0
-73.75440330280202,-73.75134692466298,42.64118567556778,42.63893737440434,6899.0,0,,0,0,0,0,0,0,0,0,0,0,0,0
-73.75134692466298,-73.74829054652393,42.64118567556778,42.63893737440434,0.0,0,0.0,0,0,0,0,0,0,0,0,0,0,0,0
-73.74829054652393,-73.74523416838488,42.64118567556778,42.63893737440434,0.0,0,0.0,0,0,0,1,0,0,0,1,0,0,0,1
-73.8247,-73.82164373229794,42.63893737440434,42.636689073240895,0.0,0,0.0,0,0,0,0,0,0,0,0,0,0,0,0
-73.82164373229794,-73.81858746459588,42.63893737440434,42.636689073240895,0.0,0,3480.0,0,0,0,0,0,0,0,0,0,0,0,0
-73.81858746459588,-73.81553119689382,42.63893737440434,42.636689073240895,0.0,0,0.0,0,0,0,0,0,0,0,0,0,0,0,0
-73.81553119689382,-73.81247492919175,42.63893737440434,42.636689073240895,0.0,0,0.0,0,0,0,0,0,0,0,0,0,0,0,0
-73.81247492919175,-73.80941866148967,42.63893737440434,42.636689073240895,0.0,0,0.0,0,0,0,0,0,0,0,0,0,0,0,0
-73.80941866148967,-73.80636239378761,42.63893737440434,42.636689073240895,0.0,0,0.0,0,0,0,0,0,0,0,0,0,0,1,0
-73.80636239378761,-73.80330612608554,42.63893737440434,42.636689073240895,0.0,0,0.0,0,0,0,0,0,0,0,0,0,0,0,0
-73.80330612608554,-73.80024985838347,42.63893737440434,42.636689073240895,0.0,0,0.0,0,0,0,0,0,0,0,0,0,0,0,0
-73.80024985838347,-73.7971935906814,42.63893737440434,42.636689073240895,0.0,0,0.0,0,0,0,0,0,0,0,0,0,0,0,0
-73.7971935906814,-73.79413732297934,42.63893737440434,42.636689073240895,0.0,0,0.0,0,0,0,0,0,0,0,0,0,0,0,0
-73.79413732297934,-73.79108105527726,42.63893737440434,42.636689073240895,0.0,0,4796.0,0,0,0,0,0,0,0,0,0,0,0,0
-73.79108105527726,-73.7880247875752,42.63893737440434,42.636689073240895,0.0,0,141165.0,0,0,0,0,0,0,0,1,0,2,0,0
-73.7880247875752,-73.78496851987313,42.63893737440434,42.636689073240895,5852.0,0,18168.0,0,0,0,0,0,0,0,0,0,0,0,0
-73.78496851987313,-73.78191225217105,42.63893737440434,42.636689073240895,3585.3333333333335,0,49827.0,0,0,0,1,0,0,0,0,0,0,0,0
-73.78191225217105,-73.77885598446899,42.63893737440434,42.636689073240895,0.0,0,,0,0,0,0,0,0,0,0,0,0,0,0
-73.77885598446899,-73.77579971676693,42.63893737440434,42.636689073240895,0.0,0,14594.0,0,0,0,0,0,3,0,0,0,0,0,0
-73.77579971676693,-73.77274344906485,42.63893737440434,42.636689073240895,4413.333333333333,0,198482.0,0,0,0,0,0,4,0,0,0,0,0,0
-73.77274344906485,-73.76968718136278,42.63893737440434,42.636689073240895,0.0,0,0.0,0,0,0,0,0,3,0,0,0,0,0,0
-73.76968718136278,-73.76663091366072,42.63893737440434,42.636689073240895,0.0,0,0.0,0,0,0,0,0,0,0,0,0,0,0,0
-73.76663091366072,-73.76357464595864,42.63893737440434,42.636689073240895,0.0,0,37265.0,1,0,0,0,0,1,0,0,0,0,0,0
-73.76357464595864,-73.76051837825658,42.63893737440434,42.636689073240895,0.0,0,37265.0,0,0,0,0,0,0,0,0,0,0,0,0
-73.76051837825658,-73.75746211055451,42.63893737440434,42.636689073240895,0.0,2,50786.0,0,0,0,1,0,1,0,0,0,0,0,0
-73.75746211055451,-73.75440584285244,42.63893737440434,42.636689073240895,0.0,0,,0,0,0,0,0,0,0,0,0,0,0,0
-73.75440584285244,-73.75134957515037,42.63893737440434,42.636689073240895,0.0,0,61958.0,0,0,0,0,0,0,0,0,0,0,0,0
-73.75134957515037,-73.74829330744831,42.63893737440434,42.636689073240895,0.0,0,0.0,0,0,0,0,0,0,0,0,0,0,0,0
-73.74829330744831,-73.74523703974623,42.63893737440434,42.636689073240895,1908.6666666666667,0,0.0,0,0,1,0,0,0,0,1,0,0,0,0
-73.8247,-73.82164384272224,42.636689073240895,42.63444077207746,0.0,0,0.0,0,0,0,0,0,0,0,0,0,0,0,0
-73.82164384272224,-73.81858768544448,42.636689073240895,42.63444077207746,0.0,0,3480.0,0,0,0,0,0,0,0,0,0,0,0,0
-73.81858768544448,-73.81553152816672,42.636689073240895,42.63444077207746,0.0,0,0.0,0,0,0,0,0,0,0,0,0,0,0,0
-73.81553152816672,-73.81247537088895,42.636689073240895,42.63444077207746,0.0,0,0.0,0,0,0,0,0,0,0,0,0,0,0,0
-73.81247537088895,-73.80941921361119,42.636689073240895,42.63444077207746,0.0,0,0.0,0,0,0,0,0,0,0,0,0,0,0,0
-73.80941921361119,-73.80636305633344,42.636689073240895,42.63444077207746,0.0,0,0.0,0,0,0,0,0,0,0,0,0,0,0,0
-73.80636305633344,-73.80330689905567,42.636689073240895,42.63444077207746,0.0,0,0.0,0,0,0,0,0,0,0,0,0,0,0,0
-73.80330689905567,-73.8002507417779,42.636689073240895,42.63444077207746,0.0,0,0.0,0,0,0,0,0,0,0,0,0,0,0,0
-73.8002507417779,-73.79719458450015,42.636689073240895,42.63444077207746,0.0,0,0.0,0,0,0,0,0,0,0,0,0,0,0,0
-73.79719458450015,-73.79413842722239,42.636689073240895,42.63444077207746,0.0,0,4796.0,0,0,0,0,0,0,0,0,0,0,0,0
-73.79413842722239,-73.79108226994462,42.636689073240895,42.63444077207746,0.0,1,4796.0,0,0,0,0,0,0,0,0,0,0,0,0
-73.79108226994462,-73.78802611266686,42.636689073240895,42.63444077207746,0.0,0,118857.0,0,0,0,0,0,0,0,0,0,0,0,0
-73.78802611266686,-73.78496995538909,42.636689073240895,42.63444077207746,0.0,0,125403.0,0,0,0,0,0,0,0,0,0,0,0,0
-73.78496995538909,-73.78191379811133,42.636689073240895,42.63444077207746,0.0,0,82182.0,0,0,0,0,0,0,0,0,0,0,0,0
-73.78191379811133,-73.77885764083356,42.636689073240895,42.63444077207746,0.0,0,,0,0,0,0,0,0,0,0,0,1,0,0
-73.77885764083356,-73.7758014835558,42.636689073240895,42.63444077207746,0.0,0,209183.0,0,0,0,0,0,2,0,0,0,0,0,0
-73.7758014835558,-73.77274532627804,42.636689073240895,42.63444077207746,0.0,0,375703.0,0,0,0,0,0,2,0,0,0,0,0,0
-73.77274532627804,-73.76968916900029,42.636689073240895,42.63444077207746,0.0,0,0.0,0,0,0,0,0,2,0,0,0,0,0,0
-73.76968916900029,-73.76663301172252,42.636689073240895,42.63444077207746,0.0,0,0.0,0,0,0,0,0,4,0,0,0,0,0,0
-73.76663301172252,-73.76357685444475,42.636689073240895,42.63444077207746,0.0,0,0.0,0,0,0,0,0,5,0,0,0,0,0,0
-73.76357685444475,-73.76052069716698,42.636689073240895,42.63444077207746,0.0,0,110768.0,0,0,0,1,0,0,0,0,0,0,1,0
-73.76052069716698,-73.75746453988923,42.636689073240895,42.63444077207746,0.0,0,152945.0,0,0,0,0,0,0,0,0,0,0,0,0
-73.75746453988923,-73.75440838261146,42.636689073240895,42.63444077207746,0.0,0,,0,0,0,0,0,2,0,0,0,1,0,0
-73.75440838261146,-73.75135222533369,42.636689073240895,42.63444077207746,0.0,0,0.0,0,0,0,0,0,0,0,0,0,0,0,0
-73.75135222533369,-73.74829606805594,42.636689073240895,42.63444077207746,0.0,0,0.0,0,0,0,0,0,1,0,0,0,0,1,0
-73.74829606805594,-73.74523991077818,42.636689073240895,42.63444077207746,0.0,0,0.0,0,0,0,0,1,1,0,0,0,0,0,0
-73.8247,-73.82164395313386,42.63444077207746,42.63219247091403,0.0,0,0.0,0,0,0,0,0,0,0,0,0,0,0,0
-73.82164395313386,-73.81858790626771,42.63444077207746,42.63219247091403,0.0,0,3480.0,0,0,0,0,0,0,0,0,0,0,0,0
-73.81858790626771,-73.81553185940155,42.63444077207746,42.63219247091403,0.0,0,3480.0,0,0,0,0,0,0,0,0,0,0,0,0
-73.81553185940155,-73.8124758125354,42.63444077207746,42.63219247091403,0.0,0,0.0,0,0,0,0,0,0,0,0,0,0,0,0
-73.8124758125354,-73.80941976566923,42.63444077207746,42.63219247091403,0.0,0,0.0,0,0,0,0,0,0,0,0,0,0,0,0
-73.80941976566923,-73.80636371880308,42.63444077207746,42.63219247091403,0.0,0,0.0,0,0,0,0,0,1,0,0,0,0,0,0
-73.80636371880308,-73.80330767193693,42.63444077207746,42.63219247091403,0.0,0,0.0,0,0,0,0,0,0,0,0,0,0,0,0
-73.80330767193693,-73.80025162507077,42.63444077207746,42.63219247091403,0.0,0,4796.0,0,0,0,0,0,0,0,0,0,0,0,0
-73.80025162507077,-73.79719557820462,42.63444077207746,42.63219247091403,0.0,0,4796.0,0,0,0,0,0,0,0,0,0,0,0,0
-73.79719557820462,-73.79413953133846,42.63444077207746,42.63219247091403,0.0,0,4796.0,0,0,0,0,0,0,0,0,0,0,0,0
-73.79413953133846,-73.7910834844723,42.63444077207746,42.63219247091403,0.0,0,0.0,0,0,0,0,0,0,0,0,0,0,0,0
-73.7910834844723,-73.78802743760615,42.63444077207746,42.63219247091403,0.0,0,0.0,0,0,0,0,0,0,0,0,0,0,0,0
-73.78802743760615,-73.78497139073998,42.63444077207746,42.63219247091403,0.0,0,18455.0,0,0,0,0,0,0,0,0,0,0,0,0
-73.78497139073998,-73.78191534387383,42.63444077207746,42.63219247091403,0.0,0,127430.0,0,0,0,0,0,0,0,0,0,0,0,0
-73.78191534387383,-73.77885929700767,42.63444077207746,42.63219247091403,0.0,0,151227.0,0,0,0,0,0,0,0,0,0,0,0,0
-73.77885929700767,-73.77580325014152,42.63444077207746,42.63219247091403,19685.333333333332,0,157517.0,0,0,0,0,0,0,0,0,0,0,0,0
-73.77580325014152,-73.77274720327537,42.63444077207746,42.63219247091403,0.0,0,120943.0,0,0,0,0,0,0,0,0,0,0,0,0
-73.77274720327537,-73.76969115640921,42.63444077207746,42.63219247091403,0.0,0,54411.0,0,0,0,0,0,0,0,0,0,0,0,0
-73.76969115640921,-73.76663510954306,42.63444077207746,42.63219247091403,0.0,0,93210.0,0,0,0,0,0,0,0,0,0,0,0,0
-73.76663510954306,-73.7635790626769,42.63444077207746,42.63219247091403,0.0,0,177261.0,0,0,0,0,0,1,0,0,0,0,0,0
-73.7635790626769,-73.76052301581073,42.63444077207746,42.63219247091403,0.0,0,202965.0,0,0,0,0,0,0,0,0,0,0,0,0
-73.76052301581073,-73.75746696894458,42.63444077207746,42.63219247091403,0.0,0,0.0,0,0,0,0,0,0,0,0,0,0,0,0
-73.75746696894458,-73.75441092207842,42.63444077207746,42.63219247091403,0.0,0,12735.0,0,0,0,0,0,0,0,0,0,0,0,0
-73.75441092207842,-73.75135487521227,42.63444077207746,42.63219247091403,0.0,0,0.0,0,0,0,0,0,0,0,0,0,0,0,0
-73.75135487521227,-73.74829882834611,42.63444077207746,42.63219247091403,0.0,0,0.0,0,0,0,0,0,0,0,1,0,0,0,0
-73.74829882834611,-73.74524278147994,42.63444077207746,42.63219247091403,0.0,0,0.0,0,0,0,0,0,4,0,0,0,4,0,0
-73.8247,-73.82164406353279,42.63219247091403,42.62994416975059,0.0,0,0.0,0,0,0,0,0,0,0,0,0,0,0,0
-73.82164406353279,-73.81858812706557,42.63219247091403,42.62994416975059,0.0,0,0.0,0,0,0,0,0,0,0,0,0,0,0,0
-73.81858812706557,-73.81553219059835,42.63219247091403,42.62994416975059,0.0,0,3480.0,0,0,0,0,0,0,0,0,0,0,0,0
-73.81553219059835,-73.81247625413113,42.63219247091403,42.62994416975059,0.0,0,0.0,0,0,0,0,0,0,0,0,0,0,0,0
-73.81247625413113,-73.8094203176639,42.63219247091403,42.62994416975059,0.0,0,0.0,0,0,0,0,0,0,0,0,0,0,0,0
-73.8094203176639,-73.80636438119669,42.63219247091403,42.62994416975059,0.0,0,4796.0,0,0,0,0,0,0,0,0,0,0,0,0
-73.80636438119669,-73.80330844472947,42.63219247091403,42.62994416975059,0.0,0,4796.0,0,0,0,0,0,0,0,0,0,0,0,0
-73.80330844472947,-73.80025250826225,42.63219247091403,42.62994416975059,0.0,0,0.0,0,0,0,0,0,0,0,0,0,0,0,0
-73.80025250826225,-73.79719657179503,42.63219247091403,42.62994416975059,0.0,0,0.0,0,0,0,0,0,0,0,0,0,0,0,0
-73.79719657179503,-73.7941406353278,42.63219247091403,42.62994416975059,0.0,0,0.0,0,0,0,0,0,0,0,0,0,0,0,0
-73.7941406353278,-73.79108469886059,42.63219247091403,42.62994416975059,0.0,0,0.0,0,0,0,0,0,0,0,0,0,0,0,0
-73.79108469886059,-73.78802876239337,42.63219247091403,42.62994416975059,0.0,0,0.0,0,0,0,0,0,0,0,0,0,0,0,0
-73.78802876239337,-73.78497282592615,42.63219247091403,42.62994416975059,0.0,0,0.0,0,0,0,0,0,0,0,0,0,0,0,0
-73.78497282592615,-73.78191688945893,42.63219247091403,42.62994416975059,0.0,0,26317.0,0,0,0,0,0,0,0,0,0,0,0,0
-73.78191688945893,-73.7788609529917,42.63219247091403,42.62994416975059,0.0,0,169804.0,0,0,0,0,0,0,0,0,0,0,0,0
-73.7788609529917,-73.77580501652449,42.63219247091403,42.62994416975059,0.0,0,72199.0,0,0,0,0,0,0,0,0,0,0,0,0
-73.77580501652449,-73.77274908005727,42.63219247091403,42.62994416975059,0.0,0,86450.0,0,0,0,0,0,0,0,0,0,0,0,0
-73.77274908005727,-73.76969314359005,42.63219247091403,42.62994416975059,6112.0,0,1146.0,0,0,0,0,0,0,0,0,0,0,0,0
-73.76969314359005,-73.76663720712283,42.63219247091403,42.62994416975059,0.0,0,1146.0,0,0,0,0,0,0,0,0,0,0,0,0
-73.76663720712283,-73.7635812706556,42.63219247091403,42.62994416975059,0.0,0,86220.0,0,0,0,0,0,0,0,0,0,0,0,0
-73.7635812706556,-73.76052533418839,42.63219247091403,42.62994416975059,0.0,0,0.0,0,0,0,0,0,0,0,0,0,0,0,0
-73.76052533418839,-73.75746939772117,42.63219247091403,42.62994416975059,0.0,0,0.0,0,0,0,0,0,0,0,0,0,0,0,0
-73.75746939772117,-73.75441346125395,42.63219247091403,42.62994416975059,1086.0,0,0.0,0,0,0,0,0,0,0,0,0,0,0,0
-73.75441346125395,-73.75135752478673,42.63219247091403,42.62994416975059,0.0,0,0.0,0,0,0,0,0,0,0,0,0,0,0,0
-73.75135752478673,-73.7483015883195,42.63219247091403,42.62994416975059,0.0,0,0.0,0,0,0,0,0,0,0,0,0,0,0,0
-73.7483015883195,-73.74524565185229,42.63219247091403,42.62994416975059,0.0,0,0.0,0,0,0,0,0,0,0,0,0,0,0,0
